source,specialty,code,modifier,description,site_wrvu,cms_work_rvu,cms_status_indicator,cms_year,cms_source_filename,match_status,recommended_action,path_hint
index.html:SPECS,General Surgery,36556 + 76937,,Adult ultrasound-guided central line bundle (36556 + 76937),2,,,2026,PPRRVU2026_Apr_nonQPP.csv,missing from CMS,mark as not found in CMS PFS RVU file; do not guess,General Surgery[6]
index.html:SPECS,General Surgery,36555 + 76937,,Pediatric under-5 ultrasound-guided central line bundle (36555 + 76937),2.17,,,2026,PPRRVU2026_Apr_nonQPP.csv,missing from CMS,mark as not found in CMS PFS RVU file; do not guess,General Surgery[7]
index.html:SPECS,General Surgery,36561 + 76937 + 77001,,Adult Port-a-cath with ultrasound and fluoroscopy bundle,6.31,,,2026,PPRRVU2026_Apr_nonQPP.csv,missing from CMS,mark as not found in CMS PFS RVU file; do not guess,General Surgery[8]
index.html:SPECS,General Surgery,36560 + 76937 + 77001,,Pediatric under-5 Port-a-cath with ultrasound and fluoroscopy bundle,6.55,,,2026,PPRRVU2026_Apr_nonQPP.csv,missing from CMS,mark as not found in CMS PFS RVU file; do not guess,General Surgery[9]
index.html:SPECS,General Surgery,49580,,"Umbilical hernia, younger than 5, reducible",5.2,,,2026,PPRRVU2026_Apr_nonQPP.csv,missing from CMS,mark as not found in CMS PFS RVU file; do not guess,General Surgery[21]
index.html:SPECS,General Surgery,49582,,"Umbilical hernia, younger than 5, incarcerated/strangulated",5.8,,,2026,PPRRVU2026_Apr_nonQPP.csv,missing from CMS,mark as not found in CMS PFS RVU file; do not guess,General Surgery[22]
index.html:SPECS,General Surgery,49585,,"Umbilical hernia, age 5+, reducible",6.1,,,2026,PPRRVU2026_Apr_nonQPP.csv,missing from CMS,mark as not found in CMS PFS RVU file; do not guess,General Surgery[23]
index.html:SPECS,General Surgery,49587,,"Umbilical hernia, age 5+, incarcerated/strangulated",6.6,,,2026,PPRRVU2026_Apr_nonQPP.csv,missing from CMS,mark as not found in CMS PFS RVU file; do not guess,General Surgery[24]
index.html:SPECS,General Surgery,49568,,Mesh implantation for open ventral/incisional hernia repair (add-on),2.5,,,2026,PPRRVU2026_Apr_nonQPP.csv,missing from CMS,mark as not found in CMS PFS RVU file; do not guess,General Surgery[26]
index.html:SPECS,General Surgery,49652,,Lap / robotic anterior abdominal hernia <3 cm,8.33,,,2026,PPRRVU2026_Apr_nonQPP.csv,missing from CMS,mark as not found in CMS PFS RVU file; do not guess,General Surgery[47]
index.html:SPECS,General Surgery,49653,,Lap / robotic anterior abdominal hernia 3-10 cm,10.95,,,2026,PPRRVU2026_Apr_nonQPP.csv,missing from CMS,mark as not found in CMS PFS RVU file; do not guess,General Surgery[48]
index.html:SPECS,General Surgery,49654,,Lap / robotic anterior abdominal hernia >10 cm,12,,,2026,PPRRVU2026_Apr_nonQPP.csv,missing from CMS,mark as not found in CMS PFS RVU file; do not guess,General Surgery[49]
index.html:SPECS,General Surgery,43324,,Open hiatal or paraesophageal hernia repair / fundoplasty,18.85,,,2026,PPRRVU2026_Apr_nonQPP.csv,missing from CMS,mark as not found in CMS PFS RVU file; do not guess,General Surgery[63]
index.html:SPECS,General Surgery,19260,,Excision of chest wall tumor including ribs,12.53,,,2026,PPRRVU2026_Apr_nonQPP.csv,missing from CMS,mark as not found in CMS PFS RVU file; do not guess,General Surgery[164]
index.html:SPECS,General Surgery,19271,,"Excision of chest wall tumor including ribs, with reconstruction",18.55,,,2026,PPRRVU2026_Apr_nonQPP.csv,missing from CMS,mark as not found in CMS PFS RVU file; do not guess,General Surgery[165]
index.html:SPECS,General Surgery,19272,,"Excision of chest wall tumor, including ribs, with mesh/prosthesis",20.42,,,2026,PPRRVU2026_Apr_nonQPP.csv,missing from CMS,mark as not found in CMS PFS RVU file; do not guess,General Surgery[166]
index.html:SPECS,General Surgery,19304,,"Mastectomy, subcutaneous",8.95,,,2026,PPRRVU2026_Apr_nonQPP.csv,missing from CMS,mark as not found in CMS PFS RVU file; do not guess,General Surgery[170]
index.html:SPECS,General Surgery,47510,,"Percutaneous biliary drainage, external",5.5,,,2026,PPRRVU2026_Apr_nonQPP.csv,missing from CMS,mark as not found in CMS PFS RVU file; do not guess,General Surgery[295]
index.html:SPECS,General Surgery,49203,,"Excision or destruction, open, intra-abdominal tumors, cysts or endometriomas, 1 or more peritoneal, mesenteric, or retroperitoneal primary or secondary tumors; largest tumor 5 cm diameter or less",22.85,,,2026,PPRRVU2026_Apr_nonQPP.csv,missing from CMS,mark as not found in CMS PFS RVU file; do not guess,General Surgery[339]
index.html:SPECS,General Surgery,49590,,"Spigelian hernia repair, reducible",7.83,,,2026,PPRRVU2026_Apr_nonQPP.csv,missing from CMS,mark as not found in CMS PFS RVU file; do not guess,General Surgery[349]
index.html:SPECS,General Surgery,39400,,"Mediastinoscopy; includes biopsy(ies), when performed",8.85,,,2026,PPRRVU2026_Apr_nonQPP.csv,missing from CMS,mark as not found in CMS PFS RVU file; do not guess,General Surgery[357]
index.html:SPECS,General Surgery,47136,,Liver allotransplantation heterotopic partial or whole from cadaver or living donor any age any method,52.34,,,2026,PPRRVU2026_Apr_nonQPP.csv,missing from CMS,mark as not found in CMS PFS RVU file; do not guess,General Surgery[413]
index.html:SPECS,General Surgery,47505,,Injection procedure for cholangiography through an existing catheter,1.23,,,2026,PPRRVU2026_Apr_nonQPP.csv,missing from CMS,mark as not found in CMS PFS RVU file; do not guess,General Surgery[433]
index.html:SPECS,General Surgery,47525,,Change of percutaneous biliary drainage catheter,2.34,,,2026,PPRRVU2026_Apr_nonQPP.csv,missing from CMS,mark as not found in CMS PFS RVU file; do not guess,General Surgery[434]
index.html:SPECS,General Surgery,47530,,Revision and/or reinsertion of transhepatic tube,3.56,,,2026,PPRRVU2026_Apr_nonQPP.csv,missing from CMS,mark as not found in CMS PFS RVU file; do not guess,General Surgery[435]
index.html:SPECS,General Surgery,47560,,Laparoscopy surgical with guided transhepatic cholangiography without biopsy,5.89,,,2026,PPRRVU2026_Apr_nonQPP.csv,missing from CMS,mark as not found in CMS PFS RVU file; do not guess,General Surgery[441]
index.html:SPECS,General Surgery,47561,,Laparoscopy surgical with guided transhepatic cholangiography with biopsy,6.78,,,2026,PPRRVU2026_Apr_nonQPP.csv,missing from CMS,mark as not found in CMS PFS RVU file; do not guess,General Surgery[442]
index.html:SPECS,General Surgery,47802,,U-tube hepaticoenterostomy,24.56,,,2026,PPRRVU2026_Apr_nonQPP.csv,missing from CMS,mark as not found in CMS PFS RVU file; do not guess,General Surgery[460]
index.html:SPECS,General Surgery,49560,,CPT 49560,0,,,2026,PPRRVU2026_Apr_nonQPP.csv,missing from CMS,mark as not found in CMS PFS RVU file; do not guess,General Surgery[485]
index.html:SPECS,General Surgery,49561,,CPT 49561,0,,,2026,PPRRVU2026_Apr_nonQPP.csv,missing from CMS,mark as not found in CMS PFS RVU file; do not guess,General Surgery[486]
index.html:SPECS,General Surgery,49565,,CPT 49565,0,,,2026,PPRRVU2026_Apr_nonQPP.csv,missing from CMS,mark as not found in CMS PFS RVU file; do not guess,General Surgery[487]
index.html:SPECS,General Surgery,49566,,CPT 49566,0,,,2026,PPRRVU2026_Apr_nonQPP.csv,missing from CMS,mark as not found in CMS PFS RVU file; do not guess,General Surgery[488]
index.html:SPECS,General Surgery,49570,,CPT 49570,0,,,2026,PPRRVU2026_Apr_nonQPP.csv,missing from CMS,mark as not found in CMS PFS RVU file; do not guess,General Surgery[489]
index.html:SPECS,General Surgery,49572,,CPT 49572,0,,,2026,PPRRVU2026_Apr_nonQPP.csv,missing from CMS,mark as not found in CMS PFS RVU file; do not guess,General Surgery[490]
index.html:SPECS,General Surgery,49655,,CPT 49655,0,,,2026,PPRRVU2026_Apr_nonQPP.csv,missing from CMS,mark as not found in CMS PFS RVU file; do not guess,General Surgery[495]
index.html:SPECS,General Surgery,49656,,"Laparoscopy, repair recurrent ventral hernia; <3 cm",12.5,,,2026,PPRRVU2026_Apr_nonQPP.csv,missing from CMS,mark as not found in CMS PFS RVU file; do not guess,General Surgery[496]
index.html:SPECS,General Surgery,49657,,"Laparoscopy, repair recurrent ventral hernia; 3-10 cm or larger",16.0,,,2026,PPRRVU2026_Apr_nonQPP.csv,missing from CMS,mark as not found in CMS PFS RVU file; do not guess,General Surgery[497]
index.html:SPECS,Trauma & Acute Care Surgery,49568,,Mesh implantation for hernia,4.88,,,2026,PPRRVU2026_Apr_nonQPP.csv,missing from CMS,mark as not found in CMS PFS RVU file; do not guess,Trauma & Acute Care Surgery[17]
index.html:SPECS,Trauma & Acute Care Surgery,32020,,Open chest drainage / thoracotomy,12.4,,,2026,PPRRVU2026_Apr_nonQPP.csv,missing from CMS,mark as not found in CMS PFS RVU file; do not guess,Trauma & Acute Care Surgery[52]
index.html:SPECS,Trauma & Acute Care Surgery,32210,,"Pleural drainage, open",7.2,,,2026,PPRRVU2026_Apr_nonQPP.csv,missing from CMS,mark as not found in CMS PFS RVU file; do not guess,Trauma & Acute Care Surgery[59]
index.html:SPECS,Trauma & Acute Care Surgery,32405,,Needle biopsy lung/percutaneous,2.4,,,2026,PPRRVU2026_Apr_nonQPP.csv,missing from CMS,mark as not found in CMS PFS RVU file; do not guess,Trauma & Acute Care Surgery[61]
index.html:SPECS,Trauma & Acute Care Surgery,35217,,Repair blood vessel with graft; lower extremity,24.5,,,2026,PPRRVU2026_Apr_nonQPP.csv,missing from CMS,mark as not found in CMS PFS RVU file; do not guess,Trauma & Acute Care Surgery[80]
index.html:SPECS,Trauma & Acute Care Surgery,37202,,Transcatheter therapy infusion other than thrombolysis,5.4,,,2026,PPRRVU2026_Apr_nonQPP.csv,missing from CMS,mark as not found in CMS PFS RVU file; do not guess,Trauma & Acute Care Surgery[93]
index.html:SPECS,Urology,50090,,Extracorporeal shock wave lithotripsy,7.1,,,2026,PPRRVU2026_Apr_nonQPP.csv,missing from CMS,mark as not found in CMS PFS RVU file; do not guess,Urology[9]
index.html:SPECS,Urology,52246,,Cystourethroscopy with resection of bladder tumor 0.5-2 cm,6.6,,,2026,PPRRVU2026_Apr_nonQPP.csv,missing from CMS,mark as not found in CMS PFS RVU file; do not guess,Urology[50]
index.html:SPECS,Urology,52612,,Transurethral resection residual/recurrent obstructive prostate tissue,8.4,,,2026,PPRRVU2026_Apr_nonQPP.csv,missing from CMS,mark as not found in CMS PFS RVU file; do not guess,Urology[86]
index.html:SPECS,Urology,52614,,Transurethral resection postoperative bleeding,5.1,,,2026,PPRRVU2026_Apr_nonQPP.csv,missing from CMS,mark as not found in CMS PFS RVU file; do not guess,Urology[87]
index.html:SPECS,Urology,52620,,Transurethral electrovaporization of prostate,8.8,,,2026,PPRRVU2026_Apr_nonQPP.csv,missing from CMS,mark as not found in CMS PFS RVU file; do not guess,Urology[88]
index.html:SPECS,Urology,52647,,Laser coagulation/enucleation prostate complete,15.7,,,2026,PPRRVU2026_Apr_nonQPP.csv,missing from CMS,mark as not found in CMS PFS RVU file; do not guess,Urology[91]
index.html:SPECS,Urology,55700,,"Prostate biopsy, any approach",2.59,,,2026,PPRRVU2026_Apr_nonQPP.csv,missing from CMS,mark as not found in CMS PFS RVU file; do not guess,Urology[134]
index.html:SPECS,Colon & Rectum,45339,,Sigmoidoscopy flexible with balloon dilation,3.3,,,2026,PPRRVU2026_Apr_nonQPP.csv,missing from CMS,mark as not found in CMS PFS RVU file; do not guess,Colon & Rectum[58]
index.html:SPECS,Endocrine,60299,,Unlisted thyroid procedure,10,,,2026,PPRRVU2026_Apr_nonQPP.csv,missing from CMS,mark as not found in CMS PFS RVU file; do not guess,Endocrine[9]
index.html:SPECS,Endocrine,60310,,Thyroid lobectomy with frozen section,15.2,,,2026,PPRRVU2026_Apr_nonQPP.csv,missing from CMS,mark as not found in CMS PFS RVU file; do not guess,Endocrine[11]
index.html:SPECS,Interventional Radiology,37245,,Percutaneous transluminal angioplasty visceral artery initial vessel,9.4,,,2026,PPRRVU2026_Apr_nonQPP.csv,missing from CMS,mark as not found in CMS PFS RVU file; do not guess,Interventional Radiology[25]
index.html:SPECS,Interventional Radiology,75978,,Angioplasty peripheral vessel radiological supervision and interpretation initial,2.1,,,2026,PPRRVU2026_Apr_nonQPP.csv,missing from CMS,mark as not found in CMS PFS RVU file; do not guess,Interventional Radiology[63]
index.html:SPECS,Interventional Radiology,75980,,Exchange drainage catheter radiological supervision and interpretation,1.3,,,2026,PPRRVU2026_Apr_nonQPP.csv,missing from CMS,mark as not found in CMS PFS RVU file; do not guess,Interventional Radiology[64]
index.html:SPECS,Interventional Radiology,75982,,Percutaneous drainage radiological supervision and interpretation,1.8,,,2026,PPRRVU2026_Apr_nonQPP.csv,missing from CMS,mark as not found in CMS PFS RVU file; do not guess,Interventional Radiology[65]
index.html:SPECS,Interventional Radiology,10022,,FNA without imaging guidance each additional lesion,0.4,,,2026,PPRRVU2026_Apr_nonQPP.csv,missing from CMS,mark as not found in CMS PFS RVU file; do not guess,Interventional Radiology[86]
index.html:SPECS,Vascular Surgery,34800,,"Endovascular AAA repair, aorto-aortic tube graft",25,,,2026,PPRRVU2026_Apr_nonQPP.csv,missing from CMS,mark as not found in CMS PFS RVU file; do not guess,Vascular Surgery[6]
index.html:SPECS,Vascular Surgery,34802,,"Endovascular AAA repair, aorto-bi-iliac graft",27.54,,,2026,PPRRVU2026_Apr_nonQPP.csv,missing from CMS,mark as not found in CMS PFS RVU file; do not guess,Vascular Surgery[7]
index.html:SPECS,Vascular Surgery,35450,,"Transluminal balloon angioplasty, renal or visceral artery",9.84,,,2026,PPRRVU2026_Apr_nonQPP.csv,missing from CMS,mark as not found in CMS PFS RVU file; do not guess,Vascular Surgery[17]
index.html:SPECS,Vascular Surgery,37220,,Iliac artery angioplasty,7.16,,,2026,PPRRVU2026_Apr_nonQPP.csv,missing from CMS,mark as not found in CMS PFS RVU file; do not guess,Vascular Surgery[54]
index.html:SPECS,Vascular Surgery,37221,,Iliac artery stent placement,8.72,,,2026,PPRRVU2026_Apr_nonQPP.csv,missing from CMS,mark as not found in CMS PFS RVU file; do not guess,Vascular Surgery[55]
index.html:SPECS,Vascular Surgery,37224,,Femoral/popliteal angioplasty,7.16,,,2026,PPRRVU2026_Apr_nonQPP.csv,missing from CMS,mark as not found in CMS PFS RVU file; do not guess,Vascular Surgery[56]
index.html:SPECS,Vascular Surgery,37226,,Femoral/popliteal stent placement,8.72,,,2026,PPRRVU2026_Apr_nonQPP.csv,missing from CMS,mark as not found in CMS PFS RVU file; do not guess,Vascular Surgery[57]
index.html:SPECS,Vascular Surgery,37229,,"Revascularization, tibial/peroneal, atherectomy",12.64,,,2026,PPRRVU2026_Apr_nonQPP.csv,missing from CMS,mark as not found in CMS PFS RVU file; do not guess,Vascular Surgery[58]
index.html:SPECS,Vascular Surgery,64508,,"Injection, anesthetic agent; carotid sinus (separate procedure)",1.85,,,2026,PPRRVU2026_Apr_nonQPP.csv,missing from CMS,mark as not found in CMS PFS RVU file; do not guess,Vascular Surgery[61]
index.html:SPECS,Interventional Cardiology,92921,,Each additional branch coronary angioplasty,4.1,,,2026,PPRRVU2026_Apr_nonQPP.csv,missing from CMS,mark as not found in CMS PFS RVU file; do not guess,Interventional Cardiology[1]
index.html:SPECS,Interventional Cardiology,92925,,Each additional branch atherectomy,4.9,,,2026,PPRRVU2026_Apr_nonQPP.csv,missing from CMS,mark as not found in CMS PFS RVU file; do not guess,Interventional Cardiology[3]
index.html:SPECS,Interventional Cardiology,92929,,Each additional branch coronary stent,4.5,,,2026,PPRRVU2026_Apr_nonQPP.csv,missing from CMS,mark as not found in CMS PFS RVU file; do not guess,Interventional Cardiology[5]
index.html:SPECS,Interventional Cardiology,92934,,Each additional branch atherectomy with stent,5.3,,,2026,PPRRVU2026_Apr_nonQPP.csv,missing from CMS,mark as not found in CMS PFS RVU file; do not guess,Interventional Cardiology[7]
index.html:SPECS,Interventional Cardiology,92938,,Each additional branch chronic total occlusion treatment,6.2,,,2026,PPRRVU2026_Apr_nonQPP.csv,missing from CMS,mark as not found in CMS PFS RVU file; do not guess,Interventional Cardiology[9]
index.html:SPECS,Interventional Cardiology,92975,,Peripheral thrombolysis initial treatment day,5.8,,,2026,PPRRVU2026_Apr_nonQPP.csv,missing from CMS,mark as not found in CMS PFS RVU file; do not guess,Interventional Cardiology[17]
index.html:SPECS,Interventional Cardiology,92992,,Atrial septostomy or creation/enlargement interatrial communication,16.2,,,2026,PPRRVU2026_Apr_nonQPP.csv,missing from CMS,mark as not found in CMS PFS RVU file; do not guess,Interventional Cardiology[23]
index.html:SPECS,Breast,19160,,Mastectomy for gynecomastia,8.6,,,2026,PPRRVU2026_Apr_nonQPP.csv,missing from CMS,mark as not found in CMS PFS RVU file; do not guess,Breast[16]
index.html:SPECS,Breast,19260,,Excision chest wall tumor involving ribs,17.5,,,2026,PPRRVU2026_Apr_nonQPP.csv,missing from CMS,mark as not found in CMS PFS RVU file; do not guess,Breast[17]
index.html:SPECS,Breast,19271,,Excision chest wall tumor with reconstruction,22.4,,,2026,PPRRVU2026_Apr_nonQPP.csv,missing from CMS,mark as not found in CMS PFS RVU file; do not guess,Breast[18]
index.html:SPECS,Breast,19272,,Excision chest wall tumor recurrent with reconstruction,24.1,,,2026,PPRRVU2026_Apr_nonQPP.csv,missing from CMS,mark as not found in CMS PFS RVU file; do not guess,Breast[19]
index.html:SPECS,Breast,19290,,Placement breast localization wire first lesion,1.2,,,2026,PPRRVU2026_Apr_nonQPP.csv,missing from CMS,mark as not found in CMS PFS RVU file; do not guess,Breast[26]
index.html:SPECS,Breast,19291,,Placement additional wire localization,0.6,,,2026,PPRRVU2026_Apr_nonQPP.csv,missing from CMS,mark as not found in CMS PFS RVU file; do not guess,Breast[27]
index.html:SPECS,Breast,19304,,Subcutaneous mastectomy,14.3,,,2026,PPRRVU2026_Apr_nonQPP.csv,missing from CMS,mark as not found in CMS PFS RVU file; do not guess,Breast[33]
index.html:SPECS,Breast,19324,,Mammaplasty augmentation with prosthetic implant,13.2,,,2026,PPRRVU2026_Apr_nonQPP.csv,missing from CMS,mark as not found in CMS PFS RVU file; do not guess,Breast[39]
index.html:SPECS,Breast,19366,,Breast reconstruction with other technique,22.4,,,2026,PPRRVU2026_Apr_nonQPP.csv,missing from CMS,mark as not found in CMS PFS RVU file; do not guess,Breast[50]
index.html:SPECS,Breast,19087,,Breast biopsy MRI clip placement and specimen imaging,6.8,,,2026,PPRRVU2026_Apr_nonQPP.csv,missing from CMS,mark as not found in CMS PFS RVU file; do not guess,Breast[90]
index.html:SPECS,Surgical Oncology,23072,,Excision shoulder soft tissue tumor subcutaneous 3 cm or greater,5.7,,,2026,PPRRVU2026_Apr_nonQPP.csv,missing from CMS,mark as not found in CMS PFS RVU file; do not guess,Surgical Oncology[24]
index.html:SPECS,Surgical Oncology,23074,,Excision shoulder soft tissue tumor subfascial 5 cm or greater,11.1,,,2026,PPRRVU2026_Apr_nonQPP.csv,missing from CMS,mark as not found in CMS PFS RVU file; do not guess,Surgical Oncology[26]
index.html:SPECS,Surgical Oncology,24072,,Excision upper arm/elbow soft tissue tumor subcutaneous 3 cm or greater,5.6,,,2026,PPRRVU2026_Apr_nonQPP.csv,missing from CMS,mark as not found in CMS PFS RVU file; do not guess,Surgical Oncology[30]
index.html:SPECS,Surgical Oncology,24074,,Excision upper arm/elbow soft tissue tumor subfascial 5 cm or greater,11.4,,,2026,PPRRVU2026_Apr_nonQPP.csv,missing from CMS,mark as not found in CMS PFS RVU file; do not guess,Surgical Oncology[32]
index.html:SPECS,Surgical Oncology,19260,,Excision chest wall tumor involving ribs,17.5,,,2026,PPRRVU2026_Apr_nonQPP.csv,missing from CMS,mark as not found in CMS PFS RVU file; do not guess,Surgical Oncology[50]
index.html:SPECS,Surgical Oncology,19271,,Excision chest wall tumor with reconstruction,22.4,,,2026,PPRRVU2026_Apr_nonQPP.csv,missing from CMS,mark as not found in CMS PFS RVU file; do not guess,Surgical Oncology[51]
index.html:SPECS,Surgical Oncology,19272,,Excision recurrent chest wall tumor with reconstruction,24.1,,,2026,PPRRVU2026_Apr_nonQPP.csv,missing from CMS,mark as not found in CMS PFS RVU file; do not guess,Surgical Oncology[52]
index.html:SPECS,Surgical Oncology,49220,,Excision/intra-abdominal tumor cyst or endometriomas multiple,14.4,,,2026,PPRRVU2026_Apr_nonQPP.csv,missing from CMS,mark as not found in CMS PFS RVU file; do not guess,Surgical Oncology[95]
index.html:SPECS,Neurosurgery,61440,,Craniotomy epilepsy focus excision,31.7,,,2026,PPRRVU2026_Apr_nonQPP.csv,missing from CMS,mark as not found in CMS PFS RVU file; do not guess,Neurosurgery[30]
index.html:SPECS,Neurosurgery,61610,,Subtemporal skull base lesion,42.7,,,2026,PPRRVU2026_Apr_nonQPP.csv,missing from CMS,mark as not found in CMS PFS RVU file; do not guess,Neurosurgery[41]
index.html:SPECS,Neurosurgery,62110,,Cranioplasty skull defect >5 cm,21.3,,,2026,PPRRVU2026_Apr_nonQPP.csv,missing from CMS,mark as not found in CMS PFS RVU file; do not guess,Neurosurgery[53]
index.html:SPECS,Neurosurgery,62116,,Craniectomy craniosynostosis single suture,22.1,,,2026,PPRRVU2026_Apr_nonQPP.csv,missing from CMS,mark as not found in CMS PFS RVU file; do not guess,Neurosurgery[55]
index.html:SPECS,OB/Gyn,57112,,Exenteration of vagina; complete,35.4,,,2026,PPRRVU2026_Apr_nonQPP.csv,missing from CMS,mark as not found in CMS PFS RVU file; do not guess,OB/Gyn[17]
index.html:SPECS,Cardiothoracic Surgery,39400,,"Mediastinoscopy; includes biopsy(ies), when performed",8.85,,,2026,PPRRVU2026_Apr_nonQPP.csv,missing from CMS,mark as not found in CMS PFS RVU file; do not guess,Cardiothoracic Surgery[49]
index.html:SPECS,Cardiothoracic Surgery,32260,,"Thoracostomy, open, for drainage of empyema",12.1,,,2026,PPRRVU2026_Apr_nonQPP.csv,missing from CMS,mark as not found in CMS PFS RVU file; do not guess,Cardiothoracic Surgery[51]
index.html:SPECS,Cardiothoracic Surgery,32402,,"Biopsy, pleura; open",11.8,,,2026,PPRRVU2026_Apr_nonQPP.csv,missing from CMS,mark as not found in CMS PFS RVU file; do not guess,Cardiothoracic Surgery[55]
index.html:SPECS,Cardiothoracic Surgery,32405,,"Biopsy, lung or mediastinum, percutaneous needle",2.4,,,2026,PPRRVU2026_Apr_nonQPP.csv,missing from CMS,mark as not found in CMS PFS RVU file; do not guess,Cardiothoracic Surgery[56]
index.html:SPECS,Cardiothoracic Surgery,32420,,Pneumonotomy with exploration or biopsy,14.7,,,2026,PPRRVU2026_Apr_nonQPP.csv,missing from CMS,mark as not found in CMS PFS RVU file; do not guess,Cardiothoracic Surgery[58]
index.html:SPECS,Cardiothoracic Surgery,32421,,Pneumonotomy with excision of cyst,16.4,,,2026,PPRRVU2026_Apr_nonQPP.csv,missing from CMS,mark as not found in CMS PFS RVU file; do not guess,Cardiothoracic Surgery[59]
index.html:SPECS,Cardiothoracic Surgery,32422,,Pneumonotomy with removal of foreign body or tumor,18.1,,,2026,PPRRVU2026_Apr_nonQPP.csv,missing from CMS,mark as not found in CMS PFS RVU file; do not guess,Cardiothoracic Surgery[60]
index.html:SPECS,Cardiothoracic Surgery,32424,,Pneumonotomy with exploration and drainage of abscess,17.2,,,2026,PPRRVU2026_Apr_nonQPP.csv,missing from CMS,mark as not found in CMS PFS RVU file; do not guess,Cardiothoracic Surgery[61]
index.html:SPECS,Cardiothoracic Surgery,32425,,Excision of lesion or tumor of chest wall,12.5,,,2026,PPRRVU2026_Apr_nonQPP.csv,missing from CMS,mark as not found in CMS PFS RVU file; do not guess,Cardiothoracic Surgery[62]
index.html:SPECS,Cardiothoracic Surgery,32492,,"Wedge resections of additional ipsilateral lesion, each additional",4.9,,,2026,PPRRVU2026_Apr_nonQPP.csv,missing from CMS,mark as not found in CMS PFS RVU file; do not guess,Cardiothoracic Surgery[65]
index.html:SPECS,Cardiothoracic Surgery,32500,,Resection of apical lung tumor with chest wall resection,39.8,,,2026,PPRRVU2026_Apr_nonQPP.csv,missing from CMS,mark as not found in CMS PFS RVU file; do not guess,Cardiothoracic Surgery[66]
index.html:SPECS,Cardiothoracic Surgery,32520,,"Pneumonolysis, extraperiosteal, with or without filling",18.6,,,2026,PPRRVU2026_Apr_nonQPP.csv,missing from CMS,mark as not found in CMS PFS RVU file; do not guess,Cardiothoracic Surgery[70]
index.html:SPECS,Cardiothoracic Surgery,32522,,"Mediastinotomy, transthoracic",14.2,,,2026,PPRRVU2026_Apr_nonQPP.csv,missing from CMS,mark as not found in CMS PFS RVU file; do not guess,Cardiothoracic Surgery[71]
index.html:SPECS,Cardiothoracic Surgery,32602,,Thoracoscopy with lysis of adhesions,9.4,,,2026,PPRRVU2026_Apr_nonQPP.csv,missing from CMS,mark as not found in CMS PFS RVU file; do not guess,Cardiothoracic Surgery[79]
index.html:SPECS,Cardiothoracic Surgery,32603,,Thoracoscopy with creation of pericardial window or partial resection pericardial sac,12.7,,,2026,PPRRVU2026_Apr_nonQPP.csv,missing from CMS,mark as not found in CMS PFS RVU file; do not guess,Cardiothoracic Surgery[80]
index.html:SPECS,Cardiothoracic Surgery,32605,,Thoracoscopy with partial pleurectomy,13.8,,,2026,PPRRVU2026_Apr_nonQPP.csv,missing from CMS,mark as not found in CMS PFS RVU file; do not guess,Cardiothoracic Surgery[81]
index.html:SPECS,Cardiothoracic Surgery,32657,,"Thoracoscopy, surgical; with wedge resection of additional ipsilateral lesion, each additional",4.8,,,2026,PPRRVU2026_Apr_nonQPP.csv,missing from CMS,mark as not found in CMS PFS RVU file; do not guess,Cardiothoracic Surgery[84]
index.html:SPECS,Cardiothoracic Surgery,32675,,"Thoracoscopy, surgical; with drainage of pericardial effusion",12.8,,,2026,PPRRVU2026_Apr_nonQPP.csv,missing from CMS,mark as not found in CMS PFS RVU file; do not guess,Cardiothoracic Surgery[97]
index.html:SPECS,Cardiothoracic Surgery,32676,,"Thoracoscopy, surgical; with thoracic duct ligation",16.7,,,2026,PPRRVU2026_Apr_nonQPP.csv,missing from CMS,mark as not found in CMS PFS RVU file; do not guess,Cardiothoracic Surgery[98]
index.html:SPECS,Cardiothoracic Surgery,32677,,"Thoracoscopy, surgical; with thoracic duct ligation and pleurodesis",18.9,,,2026,PPRRVU2026_Apr_nonQPP.csv,missing from CMS,mark as not found in CMS PFS RVU file; do not guess,Cardiothoracic Surgery[99]
index.html:SPECS,Cardiothoracic Surgery,32678,,"Thoracoscopy, surgical; with repair of hiatal hernia",20.4,,,2026,PPRRVU2026_Apr_nonQPP.csv,missing from CMS,mark as not found in CMS PFS RVU file; do not guess,Cardiothoracic Surgery[100]
index.html:SPECS,Cardiothoracic Surgery,32679,,"Thoracoscopy, surgical; with esophageal myotomy",21.8,,,2026,PPRRVU2026_Apr_nonQPP.csv,missing from CMS,mark as not found in CMS PFS RVU file; do not guess,Cardiothoracic Surgery[101]
index.html:SPECS,Cardiothoracic Surgery,32680,,"Thoracoscopy, surgical; with total pulmonary decortication",31.4,,,2026,PPRRVU2026_Apr_nonQPP.csv,missing from CMS,mark as not found in CMS PFS RVU file; do not guess,Cardiothoracic Surgery[102]
index.html:SPECS,Cardiothoracic Surgery,32681,,"Thoracoscopy, surgical; with partial pulmonary decortication",24.6,,,2026,PPRRVU2026_Apr_nonQPP.csv,missing from CMS,mark as not found in CMS PFS RVU file; do not guess,Cardiothoracic Surgery[103]
index.html:SPECS,Cardiothoracic Surgery,32682,,"Thoracoscopy, surgical; with thoracic duct resection",17.9,,,2026,PPRRVU2026_Apr_nonQPP.csv,missing from CMS,mark as not found in CMS PFS RVU file; do not guess,Cardiothoracic Surgery[104]
index.html:SPECS,Cardiothoracic Surgery,32683,,"Thoracoscopy, surgical; with resection of chest wall, limited",19.8,,,2026,PPRRVU2026_Apr_nonQPP.csv,missing from CMS,mark as not found in CMS PFS RVU file; do not guess,Cardiothoracic Surgery[105]
index.html:SPECS,Cardiothoracic Surgery,32684,,"Thoracoscopy, surgical; with resection of chest wall, extensive",24.2,,,2026,PPRRVU2026_Apr_nonQPP.csv,missing from CMS,mark as not found in CMS PFS RVU file; do not guess,Cardiothoracic Surgery[106]
index.html:SPECS,Cardiothoracic Surgery,32685,,"Thoracoscopy, surgical; with bronchoscopic guidance, fiducial placement or dye marking",9.1,,,2026,PPRRVU2026_Apr_nonQPP.csv,missing from CMS,mark as not found in CMS PFS RVU file; do not guess,Cardiothoracic Surgery[107]
index.html:SPECS,Cardiothoracic Surgery,32686,,"Thoracoscopy, surgical; with bronchoplasty",27.6,,,2026,PPRRVU2026_Apr_nonQPP.csv,missing from CMS,mark as not found in CMS PFS RVU file; do not guess,Cardiothoracic Surgery[108]
index.html:SPECS,Cardiothoracic Surgery,32687,,"Thoracoscopy, surgical; with tracheal or carinal reconstruction",34.4,,,2026,PPRRVU2026_Apr_nonQPP.csv,missing from CMS,mark as not found in CMS PFS RVU file; do not guess,Cardiothoracic Surgery[109]
index.html:SPECS,Cardiothoracic Surgery,32965,,"Removal of bronchial valve(s), initial lobe",8.2,,,2026,PPRRVU2026_Apr_nonQPP.csv,missing from CMS,mark as not found in CMS PFS RVU file; do not guess,Cardiothoracic Surgery[120]
index.html:SPECS,Cardiothoracic Surgery,33151,,Cardiomyoplasty,44.2,,,2026,PPRRVU2026_Apr_nonQPP.csv,missing from CMS,mark as not found in CMS PFS RVU file; do not guess,Cardiothoracic Surgery[135]
index.html:SPECS,Cardiothoracic Surgery,33332,,Resection of ventricular septal aneurysm,37.1,,,2026,PPRRVU2026_Apr_nonQPP.csv,missing from CMS,mark as not found in CMS PFS RVU file; do not guess,Cardiothoracic Surgery[144]
index.html:SPECS,Cardiothoracic Surgery,33400,,"Valvuloplasty, aortic valve, open, with bypass",28.6,,,2026,PPRRVU2026_Apr_nonQPP.csv,missing from CMS,mark as not found in CMS PFS RVU file; do not guess,Cardiothoracic Surgery[146]
index.html:SPECS,Cardiothoracic Surgery,33401,,"Valvuloplasty, aortic valve, open, with leaflet extension",31.2,,,2026,PPRRVU2026_Apr_nonQPP.csv,missing from CMS,mark as not found in CMS PFS RVU file; do not guess,Cardiothoracic Surgery[147]
index.html:SPECS,Cardiothoracic Surgery,33403,,"Valvuloplasty, aortic valve, with annulus enlargement",34.8,,,2026,PPRRVU2026_Apr_nonQPP.csv,missing from CMS,mark as not found in CMS PFS RVU file; do not guess,Cardiothoracic Surgery[148]
index.html:SPECS,Otolaryngology (ENT),31588,,Excision of lesion of larynx,9.5,,,2026,PPRRVU2026_Apr_nonQPP.csv,missing from CMS,mark as not found in CMS PFS RVU file; do not guess,Otolaryngology (ENT)[121]
index.html:SPECS,Otolaryngology (ENT),31595,,Sectioning recurrent laryngeal nerve,8.2,,,2026,PPRRVU2026_Apr_nonQPP.csv,missing from CMS,mark as not found in CMS PFS RVU file; do not guess,Otolaryngology (ENT)[123]
index.html:SPECS,Otolaryngology (ENT),42185,,"Repair soft palate, secondary",12.1,,,2026,PPRRVU2026_Apr_nonQPP.csv,missing from CMS,mark as not found in CMS PFS RVU file; do not guess,Otolaryngology (ENT)[131]
index.html:SPECS,Otolaryngology (ENT),42325,,"Excision parotid tumor or gland, total, with dissection and preservation of facial nerve",24.6,,,2026,PPRRVU2026_Apr_nonQPP.csv,missing from CMS,mark as not found in CMS PFS RVU file; do not guess,Otolaryngology (ENT)[144]
index.html:SPECS,Otolaryngology (ENT),42326,,"Excision parotid tumor or gland, total, with sacrifice of facial nerve",23.4,,,2026,PPRRVU2026_Apr_nonQPP.csv,missing from CMS,mark as not found in CMS PFS RVU file; do not guess,Otolaryngology (ENT)[145]
index.html:SPECS,Otolaryngology (ENT),42399,,"Unlisted procedure, salivary glands or ducts",5,,,2026,PPRRVU2026_Apr_nonQPP.csv,missing from CMS,mark as not found in CMS PFS RVU file; do not guess,Otolaryngology (ENT)[146]
index.html:SPECS,Otolaryngology (ENT),42508,,Sialendoscopy with stone removal,5.1,,,2026,PPRRVU2026_Apr_nonQPP.csv,missing from CMS,mark as not found in CMS PFS RVU file; do not guess,Otolaryngology (ENT)[156]
index.html:SPECS,Otolaryngology (ENT),42610,,"Parotidotomy, exploration or biopsy",8.6,,,2026,PPRRVU2026_Apr_nonQPP.csv,missing from CMS,mark as not found in CMS PFS RVU file; do not guess,Otolaryngology (ENT)[159]
index.html:SPECS,Oralmaxillofacial (OMFS),21140,,Interdental fixation device application or removal,4.6,,,2026,PPRRVU2026_Apr_nonQPP.csv,missing from CMS,mark as not found in CMS PFS RVU file; do not guess,Oralmaxillofacial (OMFS)[77]
index.html:SPECS,Oralmaxillofacial (OMFS),21167,,"Reconstruction of maxilla, total, without bone graft",31.7,,,2026,PPRRVU2026_Apr_nonQPP.csv,missing from CMS,mark as not found in CMS PFS RVU file; do not guess,Oralmaxillofacial (OMFS)[80]
index.html:SPECS,Oralmaxillofacial (OMFS),21168,,"Reconstruction of maxilla, total, with bone graft",35.4,,,2026,PPRRVU2026_Apr_nonQPP.csv,missing from CMS,mark as not found in CMS PFS RVU file; do not guess,Oralmaxillofacial (OMFS)[81]
index.html:SPECS,Oralmaxillofacial (OMFS),21495,,Open treatment of zygomatic arch fracture,9.8,,,2026,PPRRVU2026_Apr_nonQPP.csv,missing from CMS,mark as not found in CMS PFS RVU file; do not guess,Oralmaxillofacial (OMFS)[123]
index.html:SPECS,Oralmaxillofacial (OMFS),41880,,Excision of lesion or cyst of jaw bone through gum tissue,5.2,,,2026,PPRRVU2026_Apr_nonQPP.csv,missing from CMS,mark as not found in CMS PFS RVU file; do not guess,Oralmaxillofacial (OMFS)[142]
index.html:SPECS,Plastic Surgery,15880,,Chemical peel facial epidermal,4.6,,,2026,PPRRVU2026_Apr_nonQPP.csv,missing from CMS,mark as not found in CMS PFS RVU file; do not guess,Plastic Surgery[112]
index.html:SPECS,Plastic Surgery,15881,,Chemical peel facial dermal,6.2,,,2026,PPRRVU2026_Apr_nonQPP.csv,missing from CMS,mark as not found in CMS PFS RVU file; do not guess,Plastic Surgery[113]
index.html:SPECS,Plastic Surgery,15882,,Chemical peel nonfacial epidermal,4.1,,,2026,PPRRVU2026_Apr_nonQPP.csv,missing from CMS,mark as not found in CMS PFS RVU file; do not guess,Plastic Surgery[114]
index.html:SPECS,Plastic Surgery,15883,,Chemical peel nonfacial dermal,5.3,,,2026,PPRRVU2026_Apr_nonQPP.csv,missing from CMS,mark as not found in CMS PFS RVU file; do not guess,Plastic Surgery[115]
index.html:SPECS,Plastic Surgery,15884,,Excision excessive skin upper abdomen infraumbilical with umbilical transposition,18.4,,,2026,PPRRVU2026_Apr_nonQPP.csv,missing from CMS,mark as not found in CMS PFS RVU file; do not guess,Plastic Surgery[116]
index.html:SPECS,Plastic Surgery,15886,,Excision excessive skin and subcutaneous tissue superolateral breast,12.1,,,2026,PPRRVU2026_Apr_nonQPP.csv,missing from CMS,mark as not found in CMS PFS RVU file; do not guess,Plastic Surgery[117]
index.html:SPECS,Plastic Surgery,15887,,Excision excessive skin and subcutaneous tissue other area with lipectomy,13.7,,,2026,PPRRVU2026_Apr_nonQPP.csv,missing from CMS,mark as not found in CMS PFS RVU file; do not guess,Plastic Surgery[118]
index.html:SPECS,Plastic Surgery,20926,,"Tissue grafts other autogenous graft e.g. paratenon, fat, dermis",5.1,,,2026,PPRRVU2026_Apr_nonQPP.csv,missing from CMS,mark as not found in CMS PFS RVU file; do not guess,Plastic Surgery[131]
index.html:SPECS,General Orthopedic Surgery,22851,,Application of intervertebral biomechanical device to vertebral defect,6.78,,,2026,PPRRVU2026_Apr_nonQPP.csv,missing from CMS,mark as not found in CMS PFS RVU file; do not guess,General Orthopedic Surgery[38]
index.html:SPECS,General Orthopedic Surgery,26261,,Radical resection proximal or middle phalanx with autograft,12.78,,,2026,PPRRVU2026_Apr_nonQPP.csv,missing from CMS,mark as not found in CMS PFS RVU file; do not guess,General Orthopedic Surgery[112]
index.html:SPECS,General Orthopedic Surgery,27194,,Closed tx pelvic ring fx; with manipulation,6.55,,,2026,PPRRVU2026_Apr_nonQPP.csv,missing from CMS,mark as not found in CMS PFS RVU file; do not guess,General Orthopedic Surgery[156]
index.html:SPECS,General Orthopedic Surgery,27445,,Arthroplasty knee hinge prosthesis,20.89,,,2026,PPRRVU2026_Apr_nonQPP.csv,missing from CMS,mark as not found in CMS PFS RVU file; do not guess,General Orthopedic Surgery[230]
index.html:SPECS,General Orthopedic Surgery,27468,,Lengthening of long bone tibia,15.67,,,2026,PPRRVU2026_Apr_nonQPP.csv,missing from CMS,mark as not found in CMS PFS RVU file; do not guess,General Orthopedic Surgery[239]
index.html:SPECS,General Orthopedic Surgery,28440,,Closed tx tarsal bone fx (excl talus/calcaneus); without manipulation,2.15,,,2026,PPRRVU2026_Apr_nonQPP.csv,missing from CMS,mark as not found in CMS PFS RVU file; do not guess,General Orthopedic Surgery[343]
index.html:SPECS,General Orthopedic Surgery,29020,,Application of turnbuckle jacket body cast,5.89,,,2026,PPRRVU2026_Apr_nonQPP.csv,missing from CMS,mark as not found in CMS PFS RVU file; do not guess,General Orthopedic Surgery[367]
index.html:SPECS,General Orthopedic Surgery,29025,,"Application of body cast, shoulder to hips, Minerva type",3.55,,,2026,PPRRVU2026_Apr_nonQPP.csv,missing from CMS,mark as not found in CMS PFS RVU file; do not guess,General Orthopedic Surgery[368]
index.html:SPECS,General Orthopedic Surgery,29582,,Application of multi-layer compression; thigh and leg,1.05,,,2026,PPRRVU2026_Apr_nonQPP.csv,missing from CMS,mark as not found in CMS PFS RVU file; do not guess,General Orthopedic Surgery[402]
index.html:SPECS,General Orthopedic Surgery,29583,,Application of multi-layer compression; upper arm and forearm,0.85,,,2026,PPRRVU2026_Apr_nonQPP.csv,missing from CMS,mark as not found in CMS PFS RVU file; do not guess,General Orthopedic Surgery[403]
index.html:SPECS,General Orthopedic Surgery,29715,,Removal or bivalving of turnbuckle jacket body cast,1.56,,,2026,PPRRVU2026_Apr_nonQPP.csv,missing from CMS,mark as not found in CMS PFS RVU file; do not guess,General Orthopedic Surgery[408]
index.html:SPECS,Orthopedic Oncology / Limb Salvage,23072,,Excision tumor soft tissue shoulder area subcutaneous 3 cm or greater,5.7,,,2026,PPRRVU2026_Apr_nonQPP.csv,missing from CMS,mark as not found in CMS PFS RVU file; do not guess,Orthopedic Oncology / Limb Salvage[5]
index.html:SPECS,Orthopedic Oncology / Limb Salvage,23074,,Excision tumor soft tissue shoulder area subfascial 5 cm or greater,11.1,,,2026,PPRRVU2026_Apr_nonQPP.csv,missing from CMS,mark as not found in CMS PFS RVU file; do not guess,Orthopedic Oncology / Limb Salvage[7]
index.html:SPECS,Orthopedic Oncology / Limb Salvage,24072,,Excision tumor upper arm/elbow subcutaneous 3 cm or greater,5.6,,,2026,PPRRVU2026_Apr_nonQPP.csv,missing from CMS,mark as not found in CMS PFS RVU file; do not guess,Orthopedic Oncology / Limb Salvage[18]
index.html:SPECS,Orthopedic Oncology / Limb Salvage,24074,,Excision tumor upper arm/elbow subfascial 5 cm or greater,11.4,,,2026,PPRRVU2026_Apr_nonQPP.csv,missing from CMS,mark as not found in CMS PFS RVU file; do not guess,Orthopedic Oncology / Limb Salvage[20]
index.html:SPECS,Orthopedic Oncology / Limb Salvage,25249,,Excision or curettage bone cyst/tumor carpal/metacarpal with allograft,10.1,,,2026,PPRRVU2026_Apr_nonQPP.csv,missing from CMS,mark as not found in CMS PFS RVU file; do not guess,Orthopedic Oncology / Limb Salvage[36]
index.html:SPECS,Orthopedic Oncology / Limb Salvage,28176,,Excision/curettage bone cyst/benign tumor calcaneus/talus with graft,14.6,,,2026,PPRRVU2026_Apr_nonQPP.csv,missing from CMS,mark as not found in CMS PFS RVU file; do not guess,Orthopedic Oncology / Limb Salvage[89]
index.html:SPECS,Orthopedic Oncology / Limb Salvage,20926,,"Tissue grafts, other",4.3,,,2026,PPRRVU2026_Apr_nonQPP.csv,missing from CMS,mark as not found in CMS PFS RVU file; do not guess,Orthopedic Oncology / Limb Salvage[111]
index.html:SPECS,Orthopedic Oncology / Limb Salvage,20980,,Manual preparation and insertion of drug delivery device,2.8,,,2026,PPRRVU2026_Apr_nonQPP.csv,missing from CMS,mark as not found in CMS PFS RVU file; do not guess,Orthopedic Oncology / Limb Salvage[123]
index.html:SPECS,Orthopedic Oncology / Limb Salvage,20986,,"Computer-assisted surgical navigational procedure for musculoskeletal procedures, fluoroscopic based",3,,,2026,PPRRVU2026_Apr_nonQPP.csv,missing from CMS,mark as not found in CMS PFS RVU file; do not guess,Orthopedic Oncology / Limb Salvage[124]
index.html:SPECS,Orthopedic Oncology / Limb Salvage,20987,,"Computer-assisted surgical navigational procedure for musculoskeletal procedures, CT/MR based",3.2,,,2026,PPRRVU2026_Apr_nonQPP.csv,missing from CMS,mark as not found in CMS PFS RVU file; do not guess,Orthopedic Oncology / Limb Salvage[125]
index.html:SPECS,Orthopedic Oncology / Limb Salvage,27079,,"Radical resection bone tumor, ischium or pubis",26.8,,,2026,PPRRVU2026_Apr_nonQPP.csv,missing from CMS,mark as not found in CMS PFS RVU file; do not guess,Orthopedic Oncology / Limb Salvage[162]
index.html:SPECS,Orthopedic Oncology / Limb Salvage,27370,,Injection of contrast for knee arthrography,1,,,2026,PPRRVU2026_Apr_nonQPP.csv,missing from CMS,mark as not found in CMS PFS RVU file; do not guess,Orthopedic Oncology / Limb Salvage[166]
index.html:SPECS,Orthopedic Oncology / Limb Salvage,27375,,Excision of lesion of meniscus or capsule knee,4.2,,,2026,PPRRVU2026_Apr_nonQPP.csv,missing from CMS,mark as not found in CMS PFS RVU file; do not guess,Orthopedic Oncology / Limb Salvage[167]
index.html:SPECS,Orthopedic Oncology / Limb Salvage,19260,,Excision of chest wall tumor including ribs,12.5,,,2026,PPRRVU2026_Apr_nonQPP.csv,missing from CMS,mark as not found in CMS PFS RVU file; do not guess,Orthopedic Oncology / Limb Salvage[177]
index.html:SPECS,Orthopedic Oncology / Limb Salvage,19271,,Excision of chest wall tumor including ribs with reconstruction,18.6,,,2026,PPRRVU2026_Apr_nonQPP.csv,missing from CMS,mark as not found in CMS PFS RVU file; do not guess,Orthopedic Oncology / Limb Salvage[178]
index.html:SPECS,Orthopedic Oncology / Limb Salvage,23176,,"Partial excision bone, humerus",14.5,,,2026,PPRRVU2026_Apr_nonQPP.csv,missing from CMS,mark as not found in CMS PFS RVU file; do not guess,Orthopedic Oncology / Limb Salvage[188]
index.html:SPECS,Orthopedic Oncology / Limb Salvage,25146,,"Excision bone cyst or benign tumor, metacarpal",10.8,,,2026,PPRRVU2026_Apr_nonQPP.csv,missing from CMS,mark as not found in CMS PFS RVU file; do not guess,Orthopedic Oncology / Limb Salvage[190]
index.html:SPECS,Orthopedic Oncology / Limb Salvage,25147,,"Partial excision bone, radius or ulna",13.6,,,2026,PPRRVU2026_Apr_nonQPP.csv,missing from CMS,mark as not found in CMS PFS RVU file; do not guess,Orthopedic Oncology / Limb Salvage[191]
index.html:SPECS,Orthopedic Traumatology,21334,,Open treatment nasal fracture with stabilization,5.4,,,2026,PPRRVU2026_Apr_nonQPP.csv,missing from CMS,mark as not found in CMS PFS RVU file; do not guess,Orthopedic Traumatology[4]
index.html:SPECS,Orthopedic Traumatology,22329,,Open treatment vertebral fracture/dislocation thoracic vertebral segment,21.4,,,2026,PPRRVU2026_Apr_nonQPP.csv,missing from CMS,mark as not found in CMS PFS RVU file; do not guess,Orthopedic Traumatology[35]
index.html:SPECS,Orthopedic Traumatology,22330,,Open treatment vertebral fracture/dislocation each additional thoracic segment,5.6,,,2026,PPRRVU2026_Apr_nonQPP.csv,missing from CMS,mark as not found in CMS PFS RVU file; do not guess,Orthopedic Traumatology[36]
index.html:SPECS,Orthopedic Traumatology,24705,,Closed treatment radial/ulnar shaft fractures one bone,4.8,,,2026,PPRRVU2026_Apr_nonQPP.csv,missing from CMS,mark as not found in CMS PFS RVU file; do not guess,Orthopedic Traumatology[70]
index.html:SPECS,Orthopedic Traumatology,24715,,Open treatment radial/ulnar shaft fracture one bone,11.4,,,2026,PPRRVU2026_Apr_nonQPP.csv,missing from CMS,mark as not found in CMS PFS RVU file; do not guess,Orthopedic Traumatology[71]
index.html:SPECS,Orthopedic Traumatology,24735,,Closed treatment Monteggia fracture-dislocation one bone forearm,5.2,,,2026,PPRRVU2026_Apr_nonQPP.csv,missing from CMS,mark as not found in CMS PFS RVU file; do not guess,Orthopedic Traumatology[72]
index.html:SPECS,Orthopedic Traumatology,24765,,Open treatment radial/ulnar shaft fractures both bones with/without internal fixation,14.3,,,2026,PPRRVU2026_Apr_nonQPP.csv,missing from CMS,mark as not found in CMS PFS RVU file; do not guess,Orthopedic Traumatology[73]
index.html:SPECS,Orthopedic Traumatology,24805,,Open treatment elbow fracture/dislocation,16.9,,,2026,PPRRVU2026_Apr_nonQPP.csv,missing from CMS,mark as not found in CMS PFS RVU file; do not guess,Orthopedic Traumatology[75]
index.html:SPECS,Orthopedic Traumatology,25611,,Open treatment distal radial extra-articular fracture with fixation distal radioulnar joint,13.8,,,2026,PPRRVU2026_Apr_nonQPP.csv,missing from CMS,mark as not found in CMS PFS RVU file; do not guess,Orthopedic Traumatology[91]
index.html:SPECS,Ophthalmology,65455,,Removal of corneal epithelium; with chelation,1.4,,,2026,PPRRVU2026_Apr_nonQPP.csv,missing from CMS,mark as not found in CMS PFS RVU file; do not guess,Ophthalmology[61]
index.html:SPECS,Ophthalmology,65470,,Fistulectomy of cornea,4.2,,,2026,PPRRVU2026_Apr_nonQPP.csv,missing from CMS,mark as not found in CMS PFS RVU file; do not guess,Ophthalmology[62]
index.html:SPECS,Ophthalmology,65471,,Fistulectomy of sclera,4.6,,,2026,PPRRVU2026_Apr_nonQPP.csv,missing from CMS,mark as not found in CMS PFS RVU file; do not guess,Ophthalmology[63]
index.html:SPECS,Ophthalmology,65472,,Treatment of recurrent corneal erosion by laser,3.2,,,2026,PPRRVU2026_Apr_nonQPP.csv,missing from CMS,mark as not found in CMS PFS RVU file; do not guess,Ophthalmology[64]
index.html:SPECS,Ophthalmology,65473,,Corneal relaxing incision for refractive correction,3.3,,,2026,PPRRVU2026_Apr_nonQPP.csv,missing from CMS,mark as not found in CMS PFS RVU file; do not guess,Ophthalmology[65]
index.html:SPECS,Ophthalmology,65474,,Phototherapeutic keratectomy,4.8,,,2026,PPRRVU2026_Apr_nonQPP.csv,missing from CMS,mark as not found in CMS PFS RVU file; do not guess,Ophthalmology[66]
index.html:SPECS,Ophthalmology,65480,,Destruction of lesion of sclera,2.5,,,2026,PPRRVU2026_Apr_nonQPP.csv,missing from CMS,mark as not found in CMS PFS RVU file; do not guess,Ophthalmology[67]
index.html:SPECS,Ophthalmology,65485,,Translation or repositioning of corneal transplant,5.5,,,2026,PPRRVU2026_Apr_nonQPP.csv,missing from CMS,mark as not found in CMS PFS RVU file; do not guess,Ophthalmology[68]
index.html:SPECS,Ophthalmology,65490,,"Removal of implanted material, anterior segment",4,,,2026,PPRRVU2026_Apr_nonQPP.csv,missing from CMS,mark as not found in CMS PFS RVU file; do not guess,Ophthalmology[69]
index.html:SPECS,Ophthalmology,65491,,"Removal of implanted material, posterior segment",6.6,,,2026,PPRRVU2026_Apr_nonQPP.csv,missing from CMS,mark as not found in CMS PFS RVU file; do not guess,Ophthalmology[70]
index.html:SPECS,Ophthalmology,65897,,Aqueous drainage device revision without extraocular reservoir,6.3,,,2026,PPRRVU2026_Apr_nonQPP.csv,missing from CMS,mark as not found in CMS PFS RVU file; do not guess,Ophthalmology[96]
index.html:SPECS,Ophthalmology,65499,,"Unlisted procedure, anterior segment",3,,,2026,PPRRVU2026_Apr_nonQPP.csv,missing from CMS,mark as not found in CMS PFS RVU file; do not guess,Ophthalmology[116]
index.html:SPECS,Ophthalmology,66165,,Revision of aqueous shunt,8.1,,,2026,PPRRVU2026_Apr_nonQPP.csv,missing from CMS,mark as not found in CMS PFS RVU file; do not guess,Ophthalmology[127]
index.html:SPECS,Ophthalmology,66220,,Cyclodialysis,8.9,,,2026,PPRRVU2026_Apr_nonQPP.csv,missing from CMS,mark as not found in CMS PFS RVU file; do not guess,Ophthalmology[128]
index.html:SPECS,Ophthalmology,67045,,"Vitrectomy, mechanical, pars plana approach; with retinal detachment repair",15.9,,,2026,PPRRVU2026_Apr_nonQPP.csv,missing from CMS,mark as not found in CMS PFS RVU file; do not guess,Ophthalmology[171]
index.html:SPECS,Ophthalmology,67046,,"Vitrectomy, mechanical, pars plana approach; with internal tamponade",15.4,,,2026,PPRRVU2026_Apr_nonQPP.csv,missing from CMS,mark as not found in CMS PFS RVU file; do not guess,Ophthalmology[172]
index.html:SPECS,Ophthalmology,67047,,"Vitrectomy, mechanical, pars plana approach; with laser photocoagulation",13.6,,,2026,PPRRVU2026_Apr_nonQPP.csv,missing from CMS,mark as not found in CMS PFS RVU file; do not guess,Ophthalmology[173]
index.html:SPECS,Ophthalmology,67049,,"Vitrectomy, mechanical, pars plana approach; with macular hole repair",15.1,,,2026,PPRRVU2026_Apr_nonQPP.csv,missing from CMS,mark as not found in CMS PFS RVU file; do not guess,Ophthalmology[174]
index.html:SPECS,Ophthalmology,67050,,"Vitrectomy, mechanical, pars plana approach; with lensectomy",13.2,,,2026,PPRRVU2026_Apr_nonQPP.csv,missing from CMS,mark as not found in CMS PFS RVU file; do not guess,Ophthalmology[175]
index.html:SPECS,Ophthalmology,67051,,"Vitrectomy, mechanical, pars plana approach; with epiretinal membrane stripping",13.7,,,2026,PPRRVU2026_Apr_nonQPP.csv,missing from CMS,mark as not found in CMS PFS RVU file; do not guess,Ophthalmology[176]
index.html:SPECS,Ophthalmology,67052,,"Vitrectomy, mechanical, pars plana approach; with removal of intraocular foreign body",15.5,,,2026,PPRRVU2026_Apr_nonQPP.csv,missing from CMS,mark as not found in CMS PFS RVU file; do not guess,Ophthalmology[177]
index.html:SPECS,Ophthalmology,67054,,"Vitrectomy, mechanical, pars plana approach; with membrane peeling and gas exchange",15.8,,,2026,PPRRVU2026_Apr_nonQPP.csv,missing from CMS,mark as not found in CMS PFS RVU file; do not guess,Ophthalmology[178]
index.html:SPECS,Ophthalmology,67055,,"Vitrectomy, mechanical, pars plana approach; with choroidal drainage",14.6,,,2026,PPRRVU2026_Apr_nonQPP.csv,missing from CMS,mark as not found in CMS PFS RVU file; do not guess,Ophthalmology[179]
index.html:SPECS,Ophthalmology,67056,,"Vitrectomy, mechanical, pars plana approach; with removal of submacular hemorrhage",16.2,,,2026,PPRRVU2026_Apr_nonQPP.csv,missing from CMS,mark as not found in CMS PFS RVU file; do not guess,Ophthalmology[180]
index.html:SPECS,Ophthalmology,67057,,"Vitrectomy, mechanical, pars plana approach; with removal of implanted material",15.4,,,2026,PPRRVU2026_Apr_nonQPP.csv,missing from CMS,mark as not found in CMS PFS RVU file; do not guess,Ophthalmology[181]
index.html:SPECS,Ophthalmology,67060,,"Vitrectomy, mechanical, pars plana approach; with focal endolaser for retinal tear",12.4,,,2026,PPRRVU2026_Apr_nonQPP.csv,missing from CMS,mark as not found in CMS PFS RVU file; do not guess,Ophthalmology[182]
index.html:SPECS,Ophthalmology,67061,,"Vitrectomy, mechanical, pars plana approach; with treatment of retinal dialysis",13.1,,,2026,PPRRVU2026_Apr_nonQPP.csv,missing from CMS,mark as not found in CMS PFS RVU file; do not guess,Ophthalmology[183]
index.html:SPECS,Ophthalmology,67062,,"Vitrectomy, mechanical, pars plana approach; with scleral buckle",17.6,,,2026,PPRRVU2026_Apr_nonQPP.csv,missing from CMS,mark as not found in CMS PFS RVU file; do not guess,Ophthalmology[184]
index.html:SPECS,Ophthalmology,67063,,"Vitrectomy, mechanical, pars plana approach; with membrane dissection and retinectomy",18.4,,,2026,PPRRVU2026_Apr_nonQPP.csv,missing from CMS,mark as not found in CMS PFS RVU file; do not guess,Ophthalmology[185]
index.html:SPECS,Ophthalmology,67064,,"Vitrectomy, mechanical, pars plana approach; for retained lens fragments",14.1,,,2026,PPRRVU2026_Apr_nonQPP.csv,missing from CMS,mark as not found in CMS PFS RVU file; do not guess,Ophthalmology[186]
index.html:SPECS,Ophthalmology,67065,,"Vitrectomy, mechanical, pars plana approach; for traumatic endophthalmitis",15.8,,,2026,PPRRVU2026_Apr_nonQPP.csv,missing from CMS,mark as not found in CMS PFS RVU file; do not guess,Ophthalmology[187]
index.html:SPECS,Ophthalmology,67066,,"Vitrectomy, mechanical, pars plana approach; with removal of blood clot",14.6,,,2026,PPRRVU2026_Apr_nonQPP.csv,missing from CMS,mark as not found in CMS PFS RVU file; do not guess,Ophthalmology[188]
index.html:SPECS,Ophthalmology,67112,,Repair retinal detachment; scleral buckling with vitrectomy,18.8,,,2026,PPRRVU2026_Apr_nonQPP.csv,missing from CMS,mark as not found in CMS PFS RVU file; do not guess,Ophthalmology[194]
index.html:SPECS,Anesthesiology,00740,,Anesthesia for upper GI endoscopy,5,,,2026,PPRRVU2026_Apr_nonQPP.csv,missing from CMS,mark as not found in CMS PFS RVU file; do not guess,Anesthesiology[18]
index.html:SPECS,Anesthesiology,01935,,Anesthesia for percutaneous liver procedures,5,,,2026,PPRRVU2026_Apr_nonQPP.csv,missing from CMS,mark as not found in CMS PFS RVU file; do not guess,Anesthesiology[39]
index.html:SPECS,Anesthesiology,01936,,Anesthesia for percutaneous biliary procedures,5,,,2026,PPRRVU2026_Apr_nonQPP.csv,missing from CMS,mark as not found in CMS PFS RVU file; do not guess,Anesthesiology[40]
cpt_database.json,anesthesia,00740,,Anesthesia for upper GI endoscopy,5.0,,,2026,PPRRVU2026_Apr_nonQPP.csv,missing from CMS,mark as not found in CMS PFS RVU file; do not guess,00740
cpt_database.json,anesthesia,01935,,Anesthesia for percutaneous liver procedures,5.0,,,2026,PPRRVU2026_Apr_nonQPP.csv,missing from CMS,mark as not found in CMS PFS RVU file; do not guess,01935
cpt_database.json,anesthesia,01936,,Anesthesia for percutaneous biliary procedures,5.0,,,2026,PPRRVU2026_Apr_nonQPP.csv,missing from CMS,mark as not found in CMS PFS RVU file; do not guess,01936
cpt_database.json,plastic_surgery,15732,,"Muscle/myocutaneous flap, head and neck",18.86,,,2026,PPRRVU2026_Apr_nonQPP.csv,missing from CMS,mark as not found in CMS PFS RVU file; do not guess,15732
cpt_database.json,general_surgery,19260,,Excision of chest wall tumor including ribs,12.53,,,2026,PPRRVU2026_Apr_nonQPP.csv,missing from CMS,mark as not found in CMS PFS RVU file; do not guess,19260
cpt_database.json,general_surgery,19271,,"Excision of chest wall tumor including ribs, with reconstruction",18.55,,,2026,PPRRVU2026_Apr_nonQPP.csv,missing from CMS,mark as not found in CMS PFS RVU file; do not guess,19271
cpt_database.json,general_surgery,19272,,"Excision of chest wall tumor, including ribs, with mesh/prosthesis",20.42,,,2026,PPRRVU2026_Apr_nonQPP.csv,missing from CMS,mark as not found in CMS PFS RVU file; do not guess,19272
cpt_database.json,general_surgery,19304,,"Mastectomy, subcutaneous",8.95,,,2026,PPRRVU2026_Apr_nonQPP.csv,missing from CMS,mark as not found in CMS PFS RVU file; do not guess,19304
cpt_database.json,orthopedic_surgery,20926,,"Tissue grafts other; fat, dermis, fascia",3.45,,,2026,PPRRVU2026_Apr_nonQPP.csv,missing from CMS,mark as not found in CMS PFS RVU file; do not guess,20926
cpt_database.json,orthopedic_surgery,22851,,Application of intervertebral biomechanical device to vertebral defect,6.78,,,2026,PPRRVU2026_Apr_nonQPP.csv,missing from CMS,mark as not found in CMS PFS RVU file; do not guess,22851
cpt_database.json,orthopedic_surgery,26261,,Radical resection proximal or middle phalanx with autograft,12.78,,,2026,PPRRVU2026_Apr_nonQPP.csv,missing from CMS,mark as not found in CMS PFS RVU file; do not guess,26261
cpt_database.json,general_surgery,27193,,CPT 27193,0,,,2026,PPRRVU2026_Apr_nonQPP.csv,missing from CMS,mark as not found in CMS PFS RVU file; do not guess,27193
cpt_database.json,orthopedics,27194,,Closed tx pelvic ring fx; with manipulation,6.55,,,2026,PPRRVU2026_Apr_nonQPP.csv,missing from CMS,mark as not found in CMS PFS RVU file; do not guess,27194
cpt_database.json,orthopedic_surgery,27445,,Arthroplasty knee hinge prosthesis,20.89,,,2026,PPRRVU2026_Apr_nonQPP.csv,missing from CMS,mark as not found in CMS PFS RVU file; do not guess,27445
cpt_database.json,orthopedic_surgery,27468,,Lengthening of long bone tibia,15.67,,,2026,PPRRVU2026_Apr_nonQPP.csv,missing from CMS,mark as not found in CMS PFS RVU file; do not guess,27468
cpt_database.json,orthopedics,28440,,Closed tx tarsal bone fx (excl talus/calcaneus); without manipulation,2.15,,,2026,PPRRVU2026_Apr_nonQPP.csv,missing from CMS,mark as not found in CMS PFS RVU file; do not guess,28440
cpt_database.json,orthopedic_surgery,29020,,Application of turnbuckle jacket body cast,5.89,,,2026,PPRRVU2026_Apr_nonQPP.csv,missing from CMS,mark as not found in CMS PFS RVU file; do not guess,29020
cpt_database.json,orthopedics,29025,,"Application of body cast, shoulder to hips, Minerva type",3.55,,,2026,PPRRVU2026_Apr_nonQPP.csv,missing from CMS,mark as not found in CMS PFS RVU file; do not guess,29025
cpt_database.json,orthopedics,29582,,Application of multi-layer compression; thigh and leg,1.05,,,2026,PPRRVU2026_Apr_nonQPP.csv,missing from CMS,mark as not found in CMS PFS RVU file; do not guess,29582
cpt_database.json,orthopedics,29583,,Application of multi-layer compression; upper arm and forearm,0.85,,,2026,PPRRVU2026_Apr_nonQPP.csv,missing from CMS,mark as not found in CMS PFS RVU file; do not guess,29583
cpt_database.json,orthopedic_surgery,29715,,Removal or bivalving of turnbuckle jacket body cast,1.56,,,2026,PPRRVU2026_Apr_nonQPP.csv,missing from CMS,mark as not found in CMS PFS RVU file; do not guess,29715
cpt_database.json,general_surgery,32020,,"Thoracotomy, with or without pleural biopsy",12.85,,,2026,PPRRVU2026_Apr_nonQPP.csv,missing from CMS,mark as not found in CMS PFS RVU file; do not guess,32020
cpt_database.json,general_surgery,32405,,CPT 32405,0,,,2026,PPRRVU2026_Apr_nonQPP.csv,missing from CMS,mark as not found in CMS PFS RVU file; do not guess,32405
cpt_database.json,general_surgery,32602,,"Thoracoscopy, with biopsy",5.3,,,2026,PPRRVU2026_Apr_nonQPP.csv,missing from CMS,mark as not found in CMS PFS RVU file; do not guess,32602
cpt_database.json,vascular,34800,,"Endovascular AAA repair, aorto-aortic tube graft",25.0,,,2026,PPRRVU2026_Apr_nonQPP.csv,missing from CMS,mark as not found in CMS PFS RVU file; do not guess,34800
cpt_database.json,vascular,34802,,"Endovascular AAA repair, aorto-bi-iliac graft",27.54,,,2026,PPRRVU2026_Apr_nonQPP.csv,missing from CMS,mark as not found in CMS PFS RVU file; do not guess,34802
cpt_database.json,vascular,35450,,"Transluminal balloon angioplasty, renal or visceral artery",9.84,,,2026,PPRRVU2026_Apr_nonQPP.csv,missing from CMS,mark as not found in CMS PFS RVU file; do not guess,35450
cpt_database.json,vascular,37220,,Iliac artery angioplasty,7.16,,,2026,PPRRVU2026_Apr_nonQPP.csv,missing from CMS,mark as not found in CMS PFS RVU file; do not guess,37220
cpt_database.json,vascular,37221,,Iliac artery stent placement,8.72,,,2026,PPRRVU2026_Apr_nonQPP.csv,missing from CMS,mark as not found in CMS PFS RVU file; do not guess,37221
cpt_database.json,vascular,37224,,Femoral/popliteal angioplasty,7.16,,,2026,PPRRVU2026_Apr_nonQPP.csv,missing from CMS,mark as not found in CMS PFS RVU file; do not guess,37224
cpt_database.json,vascular,37226,,Femoral/popliteal stent placement,8.72,,,2026,PPRRVU2026_Apr_nonQPP.csv,missing from CMS,mark as not found in CMS PFS RVU file; do not guess,37226
cpt_database.json,general_surgery,37228,,CPT 37228,0,,,2026,PPRRVU2026_Apr_nonQPP.csv,missing from CMS,mark as not found in CMS PFS RVU file; do not guess,37228
cpt_database.json,vascular,37229,,"Revascularization, tibial/peroneal, atherectomy",12.64,,,2026,PPRRVU2026_Apr_nonQPP.csv,missing from CMS,mark as not found in CMS PFS RVU file; do not guess,37229
cpt_database.json,general_surgery,37230,,CPT 37230,0,,,2026,PPRRVU2026_Apr_nonQPP.csv,missing from CMS,mark as not found in CMS PFS RVU file; do not guess,37230
cpt_database.json,cardiothoracic_surgery,39400,,"Mediastinoscopy; includes biopsy(ies), when performed",8.85,,,2026,PPRRVU2026_Apr_nonQPP.csv,missing from CMS,mark as not found in CMS PFS RVU file; do not guess,39400
cpt_database.json,general_surgery,43324,,"Esophagogastric fundoplasty (eg, Nissen, Belsey IV, Hill procedures)",18.85,,,2026,PPRRVU2026_Apr_nonQPP.csv,missing from CMS,mark as not found in CMS PFS RVU file; do not guess,43324
cpt_database.json,gastroenterology,47136,,Liver allotransplantation heterotopic partial or whole from cadaver or living donor any age any method,52.34,,,2026,PPRRVU2026_Apr_nonQPP.csv,missing from CMS,mark as not found in CMS PFS RVU file; do not guess,47136
cpt_database.json,general_surgery,47500,,CPT 47500,0,,,2026,PPRRVU2026_Apr_nonQPP.csv,missing from CMS,mark as not found in CMS PFS RVU file; do not guess,47500
cpt_database.json,gastroenterology,47505,,Injection procedure for cholangiography through an existing catheter,1.23,,,2026,PPRRVU2026_Apr_nonQPP.csv,missing from CMS,mark as not found in CMS PFS RVU file; do not guess,47505
cpt_database.json,general_surgery,47510,,"Percutaneous biliary drainage, external",5.5,,,2026,PPRRVU2026_Apr_nonQPP.csv,missing from CMS,mark as not found in CMS PFS RVU file; do not guess,47510
cpt_database.json,general_surgery,47511,,CPT 47511,0,,,2026,PPRRVU2026_Apr_nonQPP.csv,missing from CMS,mark as not found in CMS PFS RVU file; do not guess,47511
cpt_database.json,gastroenterology,47525,,Change of percutaneous biliary drainage catheter,2.34,,,2026,PPRRVU2026_Apr_nonQPP.csv,missing from CMS,mark as not found in CMS PFS RVU file; do not guess,47525
cpt_database.json,gastroenterology,47530,,Revision and/or reinsertion of transhepatic tube,3.56,,,2026,PPRRVU2026_Apr_nonQPP.csv,missing from CMS,mark as not found in CMS PFS RVU file; do not guess,47530
cpt_database.json,gastroenterology,47560,,Laparoscopy surgical with guided transhepatic cholangiography without biopsy,5.89,,,2026,PPRRVU2026_Apr_nonQPP.csv,missing from CMS,mark as not found in CMS PFS RVU file; do not guess,47560
cpt_database.json,gastroenterology,47561,,Laparoscopy surgical with guided transhepatic cholangiography with biopsy,6.78,,,2026,PPRRVU2026_Apr_nonQPP.csv,missing from CMS,mark as not found in CMS PFS RVU file; do not guess,47561
cpt_database.json,gastroenterology,47802,,U-tube hepaticoenterostomy,24.56,,,2026,PPRRVU2026_Apr_nonQPP.csv,missing from CMS,mark as not found in CMS PFS RVU file; do not guess,47802
cpt_database.json,general_surgery,49203,,"Excision or destruction, open, intra-abdominal tumors, cysts or endometriomas, 1 or more peritoneal, mesenteric, or retroperitoneal primary or secondary tumors; largest tumor 5 cm diameter or less",22.85,,,2026,PPRRVU2026_Apr_nonQPP.csv,missing from CMS,mark as not found in CMS PFS RVU file; do not guess,49203
cpt_database.json,hernia_repair,49560,,CPT 49560,0,,,2026,PPRRVU2026_Apr_nonQPP.csv,missing from CMS,mark as not found in CMS PFS RVU file; do not guess,49560
cpt_database.json,hernia_repair,49561,,CPT 49561,0,,,2026,PPRRVU2026_Apr_nonQPP.csv,missing from CMS,mark as not found in CMS PFS RVU file; do not guess,49561
cpt_database.json,hernia_repair,49565,,CPT 49565,0,,,2026,PPRRVU2026_Apr_nonQPP.csv,missing from CMS,mark as not found in CMS PFS RVU file; do not guess,49565
cpt_database.json,hernia_repair,49566,,CPT 49566,0,,,2026,PPRRVU2026_Apr_nonQPP.csv,missing from CMS,mark as not found in CMS PFS RVU file; do not guess,49566
cpt_database.json,hernia_repair,49568,,Implantation of mesh or other prosthesis for open incisional or ventral hernia repair (add-on),4.88,,,2026,PPRRVU2026_Apr_nonQPP.csv,missing from CMS,mark as not found in CMS PFS RVU file; do not guess,49568
cpt_database.json,hernia_repair,49570,,CPT 49570,0,,,2026,PPRRVU2026_Apr_nonQPP.csv,missing from CMS,mark as not found in CMS PFS RVU file; do not guess,49570
cpt_database.json,hernia_repair,49572,,CPT 49572,0,,,2026,PPRRVU2026_Apr_nonQPP.csv,missing from CMS,mark as not found in CMS PFS RVU file; do not guess,49572
cpt_database.json,hernia_repair,49580,,"Repair umbilical hernia, younger than age 5 years; reducible",4.25,,,2026,PPRRVU2026_Apr_nonQPP.csv,missing from CMS,mark as not found in CMS PFS RVU file; do not guess,49580
cpt_database.json,general_surgery,49582,,"Umbilical hernia repair, <5 years, incarcerated",5.58,,,2026,PPRRVU2026_Apr_nonQPP.csv,missing from CMS,mark as not found in CMS PFS RVU file; do not guess,49582
cpt_database.json,hernia_repair,49585,,"Repair umbilical hernia, age 5 years or older; reducible",5.85,,,2026,PPRRVU2026_Apr_nonQPP.csv,missing from CMS,mark as not found in CMS PFS RVU file; do not guess,49585
cpt_database.json,hernia_repair,49587,,"Repair umbilical hernia, age 5 years or older; incarcerated or strangulated",8.85,,,2026,PPRRVU2026_Apr_nonQPP.csv,missing from CMS,mark as not found in CMS PFS RVU file; do not guess,49587
cpt_database.json,general_surgery,49590,,"Spigelian hernia repair, reducible",7.83,,,2026,PPRRVU2026_Apr_nonQPP.csv,missing from CMS,mark as not found in CMS PFS RVU file; do not guess,49590
cpt_database.json,general_surgery,49652,,"Laparoscopy, surgical; repair initial ventral hernia",14.85,,,2026,PPRRVU2026_Apr_nonQPP.csv,missing from CMS,mark as not found in CMS PFS RVU file; do not guess,49652
cpt_database.json,general_surgery,49653,,"Laparoscopy, surgical; repair ventral hernia 3-10 cm",18.85,,,2026,PPRRVU2026_Apr_nonQPP.csv,missing from CMS,mark as not found in CMS PFS RVU file; do not guess,49653
cpt_database.json,general_surgery,49654,,"Laparoscopy, surgical; repair ventral hernia >10 cm",22.85,,,2026,PPRRVU2026_Apr_nonQPP.csv,missing from CMS,mark as not found in CMS PFS RVU file; do not guess,49654
cpt_database.json,general_surgery,49655,,CPT 49655,0,,,2026,PPRRVU2026_Apr_nonQPP.csv,missing from CMS,mark as not found in CMS PFS RVU file; do not guess,49655
cpt_database.json,general_surgery,49656,,"Laparoscopy, repair recurrent ventral hernia; <3 cm",12.5,,,2026,PPRRVU2026_Apr_nonQPP.csv,missing from CMS,mark as not found in CMS PFS RVU file; do not guess,49656
cpt_database.json,general_surgery,49657,,"Laparoscopy, repair recurrent ventral hernia; 3-10 cm or larger",16.0,,,2026,PPRRVU2026_Apr_nonQPP.csv,missing from CMS,mark as not found in CMS PFS RVU file; do not guess,49657
cpt_database.json,urology,52647,,Laser vaporization of prostate including control of postoperative bleeding with coagulation,10.89,,,2026,PPRRVU2026_Apr_nonQPP.csv,missing from CMS,mark as not found in CMS PFS RVU file; do not guess,52647
cpt_database.json,urology,55700,,"Prostate biopsy, any approach",2.59,,,2026,PPRRVU2026_Apr_nonQPP.csv,missing from CMS,mark as not found in CMS PFS RVU file; do not guess,55700
cpt_database.json,obgyn,57112,,Exenteration of vagina; complete,35.4,,,2026,PPRRVU2026_Apr_nonQPP.csv,missing from CMS,mark as not found in CMS PFS RVU file; do not guess,57112
cpt_database.json,pain_management,64402,,Injection anesthetic agent facial nerve,1.34,,,2026,PPRRVU2026_Apr_nonQPP.csv,missing from CMS,mark as not found in CMS PFS RVU file; do not guess,64402
cpt_database.json,pain_management,64410,,Injection anesthetic agent phrenic nerve,1.34,,,2026,PPRRVU2026_Apr_nonQPP.csv,missing from CMS,mark as not found in CMS PFS RVU file; do not guess,64410
cpt_database.json,pain_management,64412,,Injection anesthetic agent spinal accessory nerve,1.34,,,2026,PPRRVU2026_Apr_nonQPP.csv,missing from CMS,mark as not found in CMS PFS RVU file; do not guess,64412
cpt_database.json,pain_management,64413,,Injection anesthetic agent cervical plexus,1.56,,,2026,PPRRVU2026_Apr_nonQPP.csv,missing from CMS,mark as not found in CMS PFS RVU file; do not guess,64413
cpt_database.json,vascular,64508,,"Injection, anesthetic agent; carotid sinus (separate procedure)",1.85,,,2026,PPRRVU2026_Apr_nonQPP.csv,missing from CMS,mark as not found in CMS PFS RVU file; do not guess,64508
cpt_database.json,ophthalmology,65455,,Removal of corneal epithelium; with chelation,1.4,,,2026,PPRRVU2026_Apr_nonQPP.csv,missing from CMS,mark as not found in CMS PFS RVU file; do not guess,65455
cpt_database.json,ophthalmology,65470,,Fistulectomy of cornea,4.2,,,2026,PPRRVU2026_Apr_nonQPP.csv,missing from CMS,mark as not found in CMS PFS RVU file; do not guess,65470
cpt_database.json,ophthalmology,65471,,Fistulectomy of sclera,4.6,,,2026,PPRRVU2026_Apr_nonQPP.csv,missing from CMS,mark as not found in CMS PFS RVU file; do not guess,65471
cpt_database.json,ophthalmology,65472,,Treatment of recurrent corneal erosion by laser,3.2,,,2026,PPRRVU2026_Apr_nonQPP.csv,missing from CMS,mark as not found in CMS PFS RVU file; do not guess,65472
cpt_database.json,ophthalmology,65473,,Corneal relaxing incision for refractive correction,3.3,,,2026,PPRRVU2026_Apr_nonQPP.csv,missing from CMS,mark as not found in CMS PFS RVU file; do not guess,65473
cpt_database.json,ophthalmology,65474,,Phototherapeutic keratectomy,4.8,,,2026,PPRRVU2026_Apr_nonQPP.csv,missing from CMS,mark as not found in CMS PFS RVU file; do not guess,65474
cpt_database.json,ophthalmology,65480,,Destruction of lesion of sclera,2.5,,,2026,PPRRVU2026_Apr_nonQPP.csv,missing from CMS,mark as not found in CMS PFS RVU file; do not guess,65480
cpt_database.json,ophthalmology,65485,,Translation or repositioning of corneal transplant,5.5,,,2026,PPRRVU2026_Apr_nonQPP.csv,missing from CMS,mark as not found in CMS PFS RVU file; do not guess,65485
cpt_database.json,ophthalmology,65490,,"Removal of implanted material, anterior segment",4.0,,,2026,PPRRVU2026_Apr_nonQPP.csv,missing from CMS,mark as not found in CMS PFS RVU file; do not guess,65490
cpt_database.json,ophthalmology,65491,,"Removal of implanted material, posterior segment",6.6,,,2026,PPRRVU2026_Apr_nonQPP.csv,missing from CMS,mark as not found in CMS PFS RVU file; do not guess,65491
cpt_database.json,ophthalmology,65897,,Aqueous drainage device revision without extraocular reservoir,6.3,,,2026,PPRRVU2026_Apr_nonQPP.csv,missing from CMS,mark as not found in CMS PFS RVU file; do not guess,65897
cpt_database.json,ent,69605,,"Mastoidectomy, complete, modified radical",14.0,,,2026,PPRRVU2026_Apr_nonQPP.csv,missing from CMS,mark as not found in CMS PFS RVU file; do not guess,69605
cpt_database.json,radiology,72010,,"XR spine, entire survey",0.75,,,2026,PPRRVU2026_Apr_nonQPP.csv,missing from CMS,mark as not found in CMS PFS RVU file; do not guess,72010
cpt_database.json,radiology,73500,,Radiologic examination hip unilateral with pelvis when performed 1 view,0.22,,,2026,PPRRVU2026_Apr_nonQPP.csv,missing from CMS,mark as not found in CMS PFS RVU file; do not guess,73500
cpt_database.json,radiology,76001,,Fluoroscopy physician or other qualified health care professional time more than 1 hour,2.34,,,2026,PPRRVU2026_Apr_nonQPP.csv,missing from CMS,mark as not found in CMS PFS RVU file; do not guess,76001
cpt_database.json,radiology,76101,,Radiologic examination complex motion body section other than with urography,0.78,,,2026,PPRRVU2026_Apr_nonQPP.csv,missing from CMS,mark as not found in CMS PFS RVU file; do not guess,76101
cpt_database.json,radiology,76102,,Radiologic examination complex motion body section other than with urography each additional section,0.34,,,2026,PPRRVU2026_Apr_nonQPP.csv,missing from CMS,mark as not found in CMS PFS RVU file; do not guess,76102
cpt_database.json,interventional_radiology,77014,,CT guidance for drainage procedure,1.44,,,2026,PPRRVU2026_Apr_nonQPP.csv,missing from CMS,mark as not found in CMS PFS RVU file; do not guess,77014
cpt_database.json,radiation_oncology,77385,,Intensity modulated radiation treatment delivery; simple,0.85,,,2026,PPRRVU2026_Apr_nonQPP.csv,missing from CMS,mark as not found in CMS PFS RVU file; do not guess,77385
cpt_database.json,radiation_oncology,77386,,Intensity modulated radiation treatment delivery; complex,1.25,,,2026,PPRRVU2026_Apr_nonQPP.csv,missing from CMS,mark as not found in CMS PFS RVU file; do not guess,77386
cpt_database.json,radiation_oncology,77401,,"Radiation treatment delivery, superficial and/or ortho voltage",0.35,,,2026,PPRRVU2026_Apr_nonQPP.csv,missing from CMS,mark as not found in CMS PFS RVU file; do not guess,77401
cpt_database.json,gastroenterology,91120,,Rectal sensation tone and compliance test,1.23,,,2026,PPRRVU2026_Apr_nonQPP.csv,missing from CMS,mark as not found in CMS PFS RVU file; do not guess,91120
cpt_database.json,gastroenterology,91122,,Anorectal manometry,1.56,,,2026,PPRRVU2026_Apr_nonQPP.csv,missing from CMS,mark as not found in CMS PFS RVU file; do not guess,91122
cpt_database.json,general_surgery,92921,,CPT 92921,0,,,2026,PPRRVU2026_Apr_nonQPP.csv,missing from CMS,mark as not found in CMS PFS RVU file; do not guess,92921
cpt_database.json,interventional_cardiology,92925,,Percutaneous transluminal coronary atherectomy with coronary angioplasty each additional vessel,5.23,,,2026,PPRRVU2026_Apr_nonQPP.csv,missing from CMS,mark as not found in CMS PFS RVU file; do not guess,92925
cpt_database.json,general_surgery,92929,,PCI with coronary stent; each additional branch (add-on),4.63,,,2026,PPRRVU2026_Apr_nonQPP.csv,missing from CMS,mark as not found in CMS PFS RVU file; do not guess,92929
cpt_database.json,interventional_cardiology,92934,,Percutaneous transluminal coronary atherectomy with intracoronary stent each additional vessel,5.89,,,2026,PPRRVU2026_Apr_nonQPP.csv,missing from CMS,mark as not found in CMS PFS RVU file; do not guess,92934
cpt_database.json,vascular,92938,,Percutaneous transluminal revascularization of or through coronary artery bypass graft each additional vessel,5.34,,,2026,PPRRVU2026_Apr_nonQPP.csv,missing from CMS,mark as not found in CMS PFS RVU file; do not guess,92938
cpt_database.json,interventional_cardiology,92944,,Percutaneous transluminal revascularization of chronic total occlusion each additional coronary artery,6.12,,,2026,PPRRVU2026_Apr_nonQPP.csv,missing from CMS,mark as not found in CMS PFS RVU file; do not guess,92944
cpt_database.json,interventional_cardiology,92975,,Thrombolysis coronary by intracoronary infusion,5.67,,,2026,PPRRVU2026_Apr_nonQPP.csv,missing from CMS,mark as not found in CMS PFS RVU file; do not guess,92975
cpt_database.json,interventional_cardiology,92977,,Thrombolysis coronary by intravenous infusion,3.12,,,2026,PPRRVU2026_Apr_nonQPP.csv,missing from CMS,mark as not found in CMS PFS RVU file; do not guess,92977
cpt_database.json,diagnostic_cardiology,93530,,Right heart catheterization for congenital cardiac anomalies,5.67,,,2026,PPRRVU2026_Apr_nonQPP.csv,missing from CMS,mark as not found in CMS PFS RVU file; do not guess,93530
cpt_database.json,diagnostic_cardiology,93531,,Combined right heart catheterization and retrograde left heart catheterization for congenital cardiac anomalies,7.89,,,2026,PPRRVU2026_Apr_nonQPP.csv,missing from CMS,mark as not found in CMS PFS RVU file; do not guess,93531
cpt_database.json,diagnostic_cardiology,93532,,Combined right heart catheterization and transseptal left heart catheterization through intact septum for congenital cardiac anomalies,8.34,,,2026,PPRRVU2026_Apr_nonQPP.csv,missing from CMS,mark as not found in CMS PFS RVU file; do not guess,93532
cpt_database.json,diagnostic_cardiology,93533,,Combined right heart catheterization and transseptal left heart catheterization through existing septal opening for congenital cardiac anomalies,7.56,,,2026,PPRRVU2026_Apr_nonQPP.csv,missing from CMS,mark as not found in CMS PFS RVU file; do not guess,93533
cpt_database.json,diagnostic_cardiology,93561,,Indicator dilution studies injection procedure for cardiac output measurement,0.89,,,2026,PPRRVU2026_Apr_nonQPP.csv,missing from CMS,mark as not found in CMS PFS RVU file; do not guess,93561
cpt_database.json,diagnostic_cardiology,93562,,Indicator dilution studies subsequent measurement of cardiac output,0.45,,,2026,PPRRVU2026_Apr_nonQPP.csv,missing from CMS,mark as not found in CMS PFS RVU file; do not guess,93562
cpt_database.json,pulmonology,94250,,Expired gas collection quantitative single procedure,0.23,,,2026,PPRRVU2026_Apr_nonQPP.csv,missing from CMS,mark as not found in CMS PFS RVU file; do not guess,94250
cpt_database.json,pulmonology,94400,,Breathing response to CO2,0.89,,,2026,PPRRVU2026_Apr_nonQPP.csv,missing from CMS,mark as not found in CMS PFS RVU file; do not guess,94400
cpt_database.json,pulmonology,94620,,Pulmonary stress testing (cardiopulmonary exercise),1.42,,,2026,PPRRVU2026_Apr_nonQPP.csv,missing from CMS,mark as not found in CMS PFS RVU file; do not guess,94620
cpt_database.json,pulmonology,94662,,Continuous negative pressure ventilation CNP initiation and management,1.34,,,2026,PPRRVU2026_Apr_nonQPP.csv,missing from CMS,mark as not found in CMS PFS RVU file; do not guess,94662
cpt_database.json,pulmonology,94720,,Carbon monoxide diffusing capacity DLCO,0.56,,,2026,PPRRVU2026_Apr_nonQPP.csv,missing from CMS,mark as not found in CMS PFS RVU file; do not guess,94720
cpt_database.json,pulmonology,94750,,Pulmonary compliance study lung or thorax,0.89,,,2026,PPRRVU2026_Apr_nonQPP.csv,missing from CMS,mark as not found in CMS PFS RVU file; do not guess,94750
cpt_database.json,pulmonology,94770,,Carbon dioxide expired gas determination by infrared analyzer,0.23,,,2026,PPRRVU2026_Apr_nonQPP.csv,missing from CMS,mark as not found in CMS PFS RVU file; do not guess,94770
cpt_database.json,internal_medicine,99218,,"Initial observation care, straightforward/low",1.82,,,2026,PPRRVU2026_Apr_nonQPP.csv,missing from CMS,mark as not found in CMS PFS RVU file; do not guess,99218
cpt_database.json,internal_medicine,99219,,"Initial observation care, moderate",2.56,,,2026,PPRRVU2026_Apr_nonQPP.csv,missing from CMS,mark as not found in CMS PFS RVU file; do not guess,99219
cpt_database.json,internal_medicine,99220,,"Initial observation care, high",3.56,,,2026,PPRRVU2026_Apr_nonQPP.csv,missing from CMS,mark as not found in CMS PFS RVU file; do not guess,99220
cpt_database.json,internal_medicine,99224,,"Subsequent observation care, straightforward",0.76,,,2026,PPRRVU2026_Apr_nonQPP.csv,missing from CMS,mark as not found in CMS PFS RVU file; do not guess,99224
cpt_database.json,internal_medicine,99225,,"Subsequent observation care, moderate",1.39,,,2026,PPRRVU2026_Apr_nonQPP.csv,missing from CMS,mark as not found in CMS PFS RVU file; do not guess,99225
cpt_database.json,internal_medicine,99226,,"Subsequent observation care, high",2.0,,,2026,PPRRVU2026_Apr_nonQPP.csv,missing from CMS,mark as not found in CMS PFS RVU file; do not guess,99226
cpt_database.json,internal_medicine,99241,,"Office consultation, straightforward",0.64,,,2026,PPRRVU2026_Apr_nonQPP.csv,missing from CMS,mark as not found in CMS PFS RVU file; do not guess,99241
cpt_database.json,internal_medicine,99251,,"Inpatient consultation, straightforward",0.64,,,2026,PPRRVU2026_Apr_nonQPP.csv,missing from CMS,mark as not found in CMS PFS RVU file; do not guess,99251
cpt_database.json,internal_medicine,99343,,"Home visit, new patient, moderate",2.46,,,2026,PPRRVU2026_Apr_nonQPP.csv,missing from CMS,mark as not found in CMS PFS RVU file; do not guess,99343
cpt_database.json,internal_medicine,99354,,"Prolonged service, outpatient, first hour",2.33,,,2026,PPRRVU2026_Apr_nonQPP.csv,missing from CMS,mark as not found in CMS PFS RVU file; do not guess,99354
cpt_database.json,internal_medicine,99355,,"Prolonged service, outpatient, each additional 30 min",2.33,,,2026,PPRRVU2026_Apr_nonQPP.csv,missing from CMS,mark as not found in CMS PFS RVU file; do not guess,99355
cpt_database.json,internal_medicine,99356,,"Prolonged service, inpatient, first hour",2.33,,,2026,PPRRVU2026_Apr_nonQPP.csv,missing from CMS,mark as not found in CMS PFS RVU file; do not guess,99356
cpt_database.json,internal_medicine,99357,,"Prolonged service, inpatient, each additional 30 min",2.33,,,2026,PPRRVU2026_Apr_nonQPP.csv,missing from CMS,mark as not found in CMS PFS RVU file; do not guess,99357
cpt_database.json,internal_medicine,99441,,"Telephone E/M, 5-10 min",0.5,,,2026,PPRRVU2026_Apr_nonQPP.csv,missing from CMS,mark as not found in CMS PFS RVU file; do not guess,99441
cpt_database.json,internal_medicine,99442,,"Telephone E/M, 11-20 min",0.97,,,2026,PPRRVU2026_Apr_nonQPP.csv,missing from CMS,mark as not found in CMS PFS RVU file; do not guess,99442
cpt_database.json,internal_medicine,99443,,"Telephone E/M, 21-30 min",1.5,,,2026,PPRRVU2026_Apr_nonQPP.csv,missing from CMS,mark as not found in CMS PFS RVU file; do not guess,99443
rvu_database.json,,19304,,"Mastectomy, subcutaneous",8.95,,,2026,PPRRVU2026_Apr_nonQPP.csv,missing from CMS,mark as not found in CMS PFS RVU file; do not guess,19304
rvu_database.json,,32020,,"Thoracotomy, with or without pleural biopsy",12.85,,,2026,PPRRVU2026_Apr_nonQPP.csv,missing from CMS,mark as not found in CMS PFS RVU file; do not guess,32020
rvu_database.json,,43324,,"Esophagogastric fundoplasty (eg, Nissen, Belsey IV, Hill procedures)",18.85,,,2026,PPRRVU2026_Apr_nonQPP.csv,missing from CMS,mark as not found in CMS PFS RVU file; do not guess,43324
rvu_database.json,,49580,,"Repair umbilical hernia, younger than age 5 years; reducible",4.25,,,2026,PPRRVU2026_Apr_nonQPP.csv,missing from CMS,mark as not found in CMS PFS RVU file; do not guess,49580
rvu_database.json,,49585,,"Repair umbilical hernia, age 5 years or older; reducible",5.85,,,2026,PPRRVU2026_Apr_nonQPP.csv,missing from CMS,mark as not found in CMS PFS RVU file; do not guess,49585
rvu_database.json,,49587,,"Repair umbilical hernia, age 5 years or older; incarcerated or strangulated",8.85,,,2026,PPRRVU2026_Apr_nonQPP.csv,missing from CMS,mark as not found in CMS PFS RVU file; do not guess,49587
rvu_database.json,,49652,,"Laparoscopy, surgical; repair initial ventral hernia",14.85,,,2026,PPRRVU2026_Apr_nonQPP.csv,missing from CMS,mark as not found in CMS PFS RVU file; do not guess,49652
rvu_database.json,,49653,,"Laparoscopy, surgical; repair ventral hernia 3-10 cm",18.85,,,2026,PPRRVU2026_Apr_nonQPP.csv,missing from CMS,mark as not found in CMS PFS RVU file; do not guess,49653
rvu_database.json,,49654,,"Laparoscopy, surgical; repair ventral hernia >10 cm",22.85,,,2026,PPRRVU2026_Apr_nonQPP.csv,missing from CMS,mark as not found in CMS PFS RVU file; do not guess,49654
rvu_database.json,,39400,,"Mediastinoscopy; includes biopsy(ies), when performed",8.85,,,2026,PPRRVU2026_Apr_nonQPP.csv,missing from CMS,mark as not found in CMS PFS RVU file; do not guess,39400
rvu_database.json,,49203,,"Excision or destruction, open, intra-abdominal tumors, cysts or endometriomas, 1 or more peritoneal, mesenteric, or retroperitoneal primary or secondary tumors; largest tumor 5 cm diameter or less",22.85,,,2026,PPRRVU2026_Apr_nonQPP.csv,missing from CMS,mark as not found in CMS PFS RVU file; do not guess,49203
rvu_database.json,,49568,,Implantation of mesh or other prosthesis for open incisional or ventral hernia repair (add-on),4.88,,,2026,PPRRVU2026_Apr_nonQPP.csv,missing from CMS,mark as not found in CMS PFS RVU file; do not guess,49568
rvu_database.json,,92929,,PCI with coronary stent; each additional branch (add-on),4.63,,,2026,PPRRVU2026_Apr_nonQPP.csv,missing from CMS,mark as not found in CMS PFS RVU file; do not guess,92929
rvu_database.json,,37220,,Iliac artery angioplasty,7.16,,,2026,PPRRVU2026_Apr_nonQPP.csv,missing from CMS,mark as not found in CMS PFS RVU file; do not guess,37220
rvu_database.json,,37221,,Iliac artery stent placement,8.72,,,2026,PPRRVU2026_Apr_nonQPP.csv,missing from CMS,mark as not found in CMS PFS RVU file; do not guess,37221
rvu_database.json,,37224,,Femoral/popliteal angioplasty,7.16,,,2026,PPRRVU2026_Apr_nonQPP.csv,missing from CMS,mark as not found in CMS PFS RVU file; do not guess,37224
rvu_database.json,,37226,,Femoral/popliteal stent placement,8.72,,,2026,PPRRVU2026_Apr_nonQPP.csv,missing from CMS,mark as not found in CMS PFS RVU file; do not guess,37226
rvu_database.json,,47510,,"Percutaneous biliary drainage, external",5.5,,,2026,PPRRVU2026_Apr_nonQPP.csv,missing from CMS,mark as not found in CMS PFS RVU file; do not guess,47510
rvu_database.json,,49656,,"Laparoscopy, repair recurrent ventral hernia; <3 cm",12.5,,,2026,PPRRVU2026_Apr_nonQPP.csv,missing from CMS,mark as not found in CMS PFS RVU file; do not guess,49656
rvu_database.json,,49657,,"Laparoscopy, repair recurrent ventral hernia; 3-10 cm or larger",16.0,,,2026,PPRRVU2026_Apr_nonQPP.csv,missing from CMS,mark as not found in CMS PFS RVU file; do not guess,49657
